,Area,PointA,PointB,PointC,xA,yA,zA,xB,yB,zB,xC,yC,zC,bui,m2,X_center,Y_center,Z_center
1,1,21,1,5,1.326551,0.976972,1.379794,1.323043,0.993656,1.382146,1.28017,0.999181,1.382709,Crown,0.000351,1.309921333,0.989936333,1.381549667
2,2,3,2,1,1.345399,1.034844,1.360515,1.310798,1.026116,1.375594,1.323043,0.993656,1.382146,Crown,0.000684,1.326413333,1.018205333,1.372751667
3,3,8,9,10,1.042215,1.257268,0.570042,1.029595,1.298218,0.598418,1.019276,1.321652,0.559404,L.Hand,0.0012,1.030362,1.292379333,0.575954667
4,4,4,3,1,1.355664,0.98334,1.36891,1.345399,1.034844,1.360515,1.323043,0.993656,1.382146,Crown,0.000899,1.341368667,1.003946667,1.370523667
5,5,93,331,12,1.097081,1.066934,0.783418,1.105419,1.08936,0.79362,1.096862,1.073241,0.807581,LeftArmsJoint,0.000261,1.099787333,1.076511667,0.794873
6,6,13,14,15,1.545487,1.27304,0.587661,1.559573,1.281988,0.530478,1.546105,1.25587,0.528295,R.Hand,0.000865,1.550388333,1.270299333,0.548811333
7,7,16,17,18,1.414067,1.452031,0.550837,1.392885,1.426295,0.578916,1.423327,1.422938,0.573641,R.front_thigh,0.000578,1.410093,1.433754667,0.567798
8,8,10,19,8,1.019276,1.321652,0.559404,1.02451,1.298628,0.539916,1.042215,1.257268,0.570042,L.Hand,0.000797,1.028667,1.292516,0.556454
9,9,4,1,21,1.355664,0.98334,1.36891,1.323043,0.993656,1.382146,1.326551,0.976972,1.379794,Crown,0.000273,1.335086,0.984656,1.37695
10,10,20,4,21,1.326946,0.951486,1.372965,1.355664,0.98334,1.36891,1.326551,0.976972,1.379794,Crown,0.000417,1.336387,0.970599333,1.373889667
11,11,22,23,17,1.371272,1.425906,0.572124,1.353514,1.213768,0.607809,1.392885,1.426295,0.578916,R.front_thigh,0.00244,1.372557,1.355323,0.586283
12,12,25,26,27,1.07814,1.280958,0.627868,1.091467,1.255151,0.610275,1.042595,1.337315,0.587271,L.Hand,0.00118,1.070734,1.291141333,0.608471333
13,13,677,28,29,1.057722,1.251005,0.537186,1.061624,1.260563,0.522065,1.066075,1.248412,0.54089,L.Hand,8.35e-05,1.061807,1.253326667,0.533380333
14,14,5,2,30,1.28017,0.999181,1.382709,1.310798,1.026116,1.375594,1.305776,1.050419,1.360674,Crown,0.000517,1.298914667,1.025238667,1.372992333
15,15,31,32,33,1.606665,1.305217,0.578361,1.60541,1.285538,0.55214,1.605239,1.30762,0.557632,R.Hand,0.000236,1.605771333,1.299458333,0.562711
16,16,35,36,37,1.259586,0.927008,1.215125,1.236233,0.924569,1.281491,1.247606,0.948263,1.212486,Head,0.000863,1.247808333,0.93328,1.236367333
17,17,3,30,2,1.345399,1.034844,1.360515,1.305776,1.050419,1.360674,1.310798,1.026116,1.375594,Crown,0.000545,1.320657667,1.037126333,1.365594333
18,18,4,39,3,1.355664,0.98334,1.36891,1.368959,1.030397,1.341319,1.345399,1.034844,1.360515,Crown,0.000802,1.356674,1.016193667,1.356914667
19,19,40,41,42,1.522258,1.046193,0.788565,1.530963,1.043874,0.764761,1.535539,1.069956,0.782185,RightArmsJoint,0.00034,1.529586667,1.053341,0.778503667
20,20,43,44,45,1.425686,0.987806,0.513746,1.453739,1.043517,0.520824,1.44191,1.001581,0.54798,R.Back_thigh,0.00103,1.440445,1.010968,0.527516667
21,21,48,4,20,1.343575,0.941297,1.363154,1.355664,0.98334,1.36891,1.326946,0.951486,1.372965,Crown,0.00046,1.342061667,0.958707667,1.368343
22,22,49,50,51,1.06472,0.950444,1.051057,1.066239,0.97894,1.064687,1.042595,1.000537,0.938178,L.Upper_arm,0.00198,1.057851333,0.976640333,1.017974
23,23,5,52,53,1.28017,0.999181,1.382709,1.239203,1.001803,1.352604,1.267793,0.982703,1.374134,Crown,0.000439,1.262388667,0.994562333,1.369815667
24,24,54,39,4,1.383552,0.986872,1.33565,1.368959,1.030397,1.341319,1.355664,0.98334,1.36891,Crown,0.000983,1.369391667,1.000203,1.348626333
25,25,57,58,55,1.368649,1.524303,0.494255,1.354281,1.51389,0.507921,1.376119,1.535344,0.520112,RightLegsJoint,0.000319,1.366349667,1.524512333,0.507429333
26,26,30,34,5,1.305776,1.050419,1.360674,1.261686,1.034804,1.358029,1.28017,0.999181,1.382709,Crown,0.00109,1.282544,1.028134667,1.367137333
27,27,53,52,59,1.267793,0.982703,1.374134,1.239203,1.001803,1.352604,1.263653,0.956672,1.366559,Crown,0.000546,1.256883,0.980392667,1.364432333
28,28,30,3,60,1.305776,1.050419,1.360674,1.345399,1.034844,1.360515,1.304334,1.066352,1.343363,Crown,0.000478,1.318503,1.050538333,1.354850667
29,29,54,4,61,1.383552,0.986872,1.33565,1.355664,0.98334,1.36891,1.368311,0.939487,1.339588,Crown,0.00103,1.369175667,0.969899667,1.348049333
30,30,63,64,65,1.453776,1.027254,1.047755,1.454956,1.01767,1.073809,1.484179,1.022644,1.056266,R.Upper_arm,0.000417,1.464303667,1.022522667,1.059276667
31,31,66,67,68,1.145404,1.501641,0.478292,1.136888,1.48024,0.448504,1.151398,1.485724,0.470395,L.foreleg,0.000236,1.144563333,1.489201667,0.465730333
32,32,70,27,71,1.035196,1.310724,0.615632,1.042595,1.337315,0.587271,1.02346,1.332257,0.579702,L.Hand,0.000418,1.033750333,1.326765333,0.594201667
33,33,72,73,74,1.123918,1.852403,0.174519,1.092585,1.831795,0.174247,1.121119,1.840738,0.18227,L.foot,0.000213,1.112540667,1.841645333,0.177012
34,34,4,48,61,1.355664,0.98334,1.36891,1.343575,0.941297,1.363154,1.368311,0.939487,1.339588,Crown,0.000754,1.35585,0.954708,1.357217333
35,35,878,76,879,1.089834,0.97606,0.916621,1.10404,0.937016,0.992147,1.071022,0.976846,0.919981,L.Upper_arm,0.000824,1.088298667,0.963307333,0.942916333
36,36,79,867,869,1.155425,0.908235,0.950226,1.164837,0.938782,0.85605,1.180158,0.919593,0.870397,L.Side_back,0.00109,1.166806667,0.922203333,0.892224333
37,37,82,59,52,1.234939,0.95866,1.340174,1.263653,0.956672,1.366559,1.239203,1.001803,1.352604,Crown,0.000861,1.245931667,0.972378333,1.353112333
38,38,47,46,62,1.330262,1.214662,0.583458,1.352915,1.359781,0.575678,1.344673,1.422879,0.5478,R.front_thigh,0.00224,1.342616667,1.332440667,0.568978667
39,39,83,84,85,1.466457,1.292133,0.516354,1.47128,1.214193,0.538083,1.463352,1.20463,0.501655,R.Back_thigh,0.00156,1.467029667,1.236985333,0.518697333
40,40,86,6,25,1.078693,1.239095,0.64917,1.085734,1.22426,0.643278,1.07814,1.280958,0.627868,L.Hand,0.000325,1.080855667,1.248104333,0.640105333
41,41,87,88,89,1.462271,1.082984,0.764449,1.470874,1.096914,0.766343,1.46598,1.07775,0.747465,RightArmsJoint,0.000145,1.466375,1.085882667,0.759419
42,42,92,93,11,1.093207,1.061342,0.776461,1.097081,1.066934,0.783418,1.086014,1.057657,0.805673,LeftArmsJoint,0.000126,1.092100667,1.061977667,0.788517333
43,43,95,96,97,1.135913,0.975844,0.547486,1.127614,0.995227,0.589554,1.129748,0.98249,0.536001,L.front_thigh,0.000309,1.131091667,0.984520333,0.557680333
44,44,99,705,98,1.052564,1.101103,0.853888,1.040374,1.056148,0.919523,1.057982,1.048481,0.971649,L.Upper_arm,0.00136,1.050306667,1.068577333,0.91502
45,45,489,739,100,1.183015,1.540805,0.260242,1.185174,1.519961,0.297356,1.157383,1.515278,0.305001,L.foreleg,0.000601,1.175190667,1.525348,0.287533
46,46,102,103,104,1.134908,0.983629,1.108793,1.111614,1.012484,1.086929,1.0976,0.980007,1.100943,L.Upper_arm,0.000679,1.114707333,0.99204,1.098888333
47,47,105,106,107,1.201881,1.099723,0.783003,1.183454,1.098557,0.699703,1.174191,1.075224,0.777929,L.Side_chest,0.00152,1.186508667,1.091168,0.753545
48,48,93,92,593,1.097081,1.066934,0.783418,1.093207,1.061342,0.776461,1.09172,1.098869,0.754043,LeftArmsJoint,0.000211,1.094002667,1.075715,0.771307333
49,49,108,109,110,1.154041,0.906163,1.089472,1.131869,0.930195,1.1027,1.142788,0.899135,1.062452,L.Side_back,0.000513,1.142899333,0.911831,1.084874667
50,50,111,112,113,1.544475,1.2338,0.642578,1.508034,1.129122,0.762922,1.530341,1.120971,0.760198,R.Fore_arm,0.00195,1.527616667,1.161297667,0.721899333
51,51,116,117,103,1.139072,1.010019,1.091476,1.136477,1.022579,1.057735,1.111614,1.012484,1.086929,L.Upper_arm,0.000488,1.129054333,1.015027333,1.078713333
52,52,118,119,120,1.111814,1.291726,0.495909,1.09657,1.194102,0.523436,1.102518,1.281609,0.527852,L.Back_thigh,0.00147,1.103634,1.255812333,0.515732333
53,53,36,35,121,1.236233,0.924569,1.281491,1.259586,0.927008,1.215125,1.276649,0.91291,1.228272,Head,0.00087,1.257489333,0.921495667,1.241629333
54,54,122,123,124,1.217098,1.516365,0.481762,1.210107,1.527904,0.482928,1.228355,1.515609,0.507889,LeftLegsJoint,0.000191,1.21852,1.519959333,0.490859667
55,55,27,127,128,1.042595,1.337315,0.587271,1.059532,1.304249,0.543672,1.042302,1.336496,0.562214,L.Hand,0.000453,1.048143,1.32602,0.564385667
56,56,129,102,104,1.13506,0.956632,1.111942,1.134908,0.983629,1.108793,1.0976,0.980007,1.100943,L.Upper_arm,0.000519,1.122522667,0.973422667,1.107226
57,57,201,738,361,1.346899,1.485757,0.51139,1.370503,1.489419,0.48952,1.371688,1.459596,0.532223,RightLegsJoint,0.000674,1.36303,1.478257333,0.511044333
58,58,134,135,136,1.529586,1.090964,0.78131,1.538474,1.075463,0.7626,1.525322,1.098695,0.761303,RightArmsJoint,0.000261,1.531127333,1.088374,0.768404333
59,59,75,21,53,1.312915,0.950532,1.374356,1.326551,0.976972,1.379794,1.267793,0.982703,1.374134,Crown,0.00083,1.302419667,0.970069,1.376094667
60,60,658,138,139,1.225549,1.02036,1.246813,1.253486,1.01586,1.178752,1.247055,0.977102,1.198763,Head,0.00147,1.24203,1.004440667,1.208109333
61,61,140,15,14,1.552225,1.262531,0.516575,1.546105,1.25587,0.528295,1.559573,1.281988,0.530478,R.Hand,0.000185,1.552634333,1.266796333,0.525116
62,62,142,143,144,1.420883,1.053903,0.619866,1.439785,1.044231,0.602656,1.436888,1.197043,0.603277,R.front_thigh,0.00194,1.432518667,1.098392333,0.608599667
63,63,41,135,42,1.530963,1.043874,0.764761,1.538474,1.075463,0.7626,1.535539,1.069956,0.782185,RightArmsJoint,0.000313,1.534992,1.063097667,0.769848667
64,64,278,147,370,1.340989,0.919455,1.224438,1.30734,0.907031,1.228854,1.311991,0.895927,1.133797,Head,0.00172,1.320106667,0.907471,1.195696333
65,65,150,151,152,1.222357,1.195241,0.609395,1.247536,1.205346,0.576859,1.226402,1.426874,0.555411,L.front_thigh,0.00458,1.232098333,1.275820333,0.580555
66,66,107,153,105,1.174191,1.075224,0.777929,1.165981,1.064576,1.005306,1.201881,1.099723,0.783003,L.Side_chest,0.00424,1.180684333,1.079841,0.855412667
67,67,154,155,156,1.177946,1.487286,0.562472,1.205064,1.470193,0.553228,1.19921,1.515618,0.554551,LeftLegsJoint,6e-04,1.194073333,1.491032333,0.556750333
68,68,522,157,452,1.45961,0.968878,0.956771,1.456983,0.936674,0.988579,1.445746,0.987944,0.946001,R.Upper_arm,0.000365,1.454113,0.964498667,0.963783667
69,69,159,160,161,1.277216,1.071951,1.170157,1.251859,1.063228,1.190911,1.277731,1.088606,1.214377,Head,0.000705,1.268935333,1.074595,1.191815
70,70,154,156,162,1.177946,1.487286,0.562472,1.19921,1.515618,0.554551,1.173619,1.516416,0.556117,LeftLegsJoint,0.000381,1.183591667,1.50644,0.557713333
71,71,163,164,165,1.267185,1.124033,0.706624,1.295316,1.123601,0.801719,1.306071,1.123694,0.702931,L.Side_chest,0.0019,1.289524,1.123776,0.737091333
72,72,119,118,166,1.09657,1.194102,0.523436,1.111814,1.291726,0.495909,1.115461,1.204528,0.48155,L.Back_thigh,0.00208,1.107948333,1.230118667,0.500298333
73,73,168,169,170,1.238791,1.427306,0.511614,1.23463,1.372036,0.48234,1.226125,1.418068,0.474602,L.Back_thigh,0.000953,1.233182,1.405803333,0.489518667
74,74,171,172,173,1.038402,1.094533,0.740471,1.065966,1.086378,0.743028,1.052578,1.087745,0.749081,L.Fore_arm,0.00011,1.052315333,1.089552,0.744193333
75,75,8,19,174,1.042215,1.257268,0.570042,1.02451,1.298628,0.539916,1.038846,1.273988,0.525983,L.Hand,0.000746,1.035190333,1.276628,0.545313667
76,76,175,176,177,1.518843,1.090655,0.820841,1.485855,1.091872,0.824884,1.514547,1.051011,0.955168,R.Upper_arm,0.00231,1.506415,1.077846,0.866964333
77,77,567,178,179,1.557299,1.155968,0.68287,1.558309,1.194698,0.613752,1.567076,1.204752,0.629309,R.Fore_arm,0.000738,1.560894667,1.185139333,0.641977
78,78,180,181,182,1.512618,0.923423,1.025604,1.495123,0.917687,1.064877,1.488119,0.909949,1.028972,R.Upper_arm,0.000521,1.49862,0.917019667,1.039817667
79,79,183,184,40,1.499503,1.034001,0.783213,1.509208,1.030679,0.76278,1.522258,1.046193,0.788565,RightArmsJoint,0.000299,1.510323,1.036957667,0.778186
80,80,141,185,186,1.315169,0.867036,1.016896,1.397699,0.879327,0.965097,1.39331,0.877405,1.041829,R.Side_back,0.00308,1.368726,0.874589333,1.007940667
81,81,187,188,189,1.074555,1.101272,0.82797,1.0695,1.116901,0.817727,1.049535,1.093307,0.828403,LeftArmsJoint,0.000254,1.06453,1.103826667,0.8247
82,82,162,190,154,1.173619,1.516416,0.556117,1.156585,1.516427,0.551186,1.177946,1.487286,0.562472,LeftLegsJoint,0.000262,1.169383333,1.506709667,0.556591667
83,83,421,192,191,1.16661,0.885231,1.019741,1.171206,0.889464,0.967905,1.216862,0.875398,0.97286,L.Side_back,0.00125,1.184892667,0.883364333,0.986835333
84,84,194,319,195,1.156273,1.005901,0.743473,1.161855,1.056795,0.783447,1.152324,1.040733,0.731449,L.Side_back,0.00102,1.156817333,1.034476333,0.752789667
85,85,136,113,196,1.525322,1.098695,0.761303,1.530341,1.120971,0.760198,1.503674,1.110226,0.764842,R.Fore_arm,0.000274,1.519779,1.109964,0.762114333
86,86,73,72,197,1.092585,1.831795,0.174247,1.123918,1.852403,0.174519,1.093522,1.839764,0.149241,L.foot,0.000484,1.103341667,1.841320667,0.166002333
87,87,134,42,135,1.529586,1.090964,0.78131,1.535539,1.069956,0.782185,1.538474,1.075463,0.7626,RightArmsJoint,0.000217,1.534533,1.078794333,0.775365
88,88,126,429,125,1.148793,1.479868,0.548444,1.133847,1.500633,0.530655,1.135182,1.470608,0.518369,LeftLegsJoint,0.000459,1.139274,1.483703,0.532489333
89,89,198,73,197,1.078287,1.811376,0.16052,1.092585,1.831795,0.174247,1.093522,1.839764,0.149241,L.foot,0.000364,1.088131333,1.827645,0.161336
90,90,199,200,131,1.436944,1.524839,0.512042,1.444582,1.504453,0.534176,1.450039,1.489946,0.513106,RightLegsJoint,0.000401,1.443855,1.506412667,0.519774667
91,91,112,196,113,1.508034,1.129122,0.762922,1.503674,1.110226,0.764842,1.530341,1.120971,0.760198,R.Fore_arm,0.000231,1.514016333,1.120106333,0.762654
92,92,201,58,202,1.346899,1.485757,0.51139,1.354281,1.51389,0.507921,1.359002,1.504165,0.486788,RightLegsJoint,0.000338,1.353394,1.501270667,0.502033
93,93,138,160,203,1.253486,1.01586,1.178752,1.251859,1.063228,1.190911,1.260956,1.04577,1.171476,Head,0.000409,1.255433667,1.041619333,1.180379667
94,94,33,207,208,1.605239,1.30762,0.557632,1.586766,1.314789,0.56482,1.598712,1.314907,0.580412,R.Hand,2e-04,1.596905667,1.312438667,0.567621333
95,95,209,210,211,1.546256,1.367937,0.534858,1.536008,1.339684,0.518262,1.549551,1.325663,0.523076,R.Hand,0.000333,1.543938333,1.344428,0.525398667
96,96,212,152,213,1.201966,1.19903,0.6195,1.226402,1.426874,0.555411,1.191147,1.430629,0.575895,L.front_thigh,0.00483,1.206505,1.352177667,0.583602
97,97,214,215,216,1.541493,0.997755,0.900112,1.527036,0.976568,0.90266,1.535797,1.033274,0.800159,R.Upper_arm,0.00129,1.534775333,1.002532333,0.867643667
98,98,217,128,127,1.05627,1.361874,0.543358,1.042302,1.336496,0.562214,1.059532,1.304249,0.543672,L.Hand,0.000699,1.052701333,1.334206333,0.549748
99,99,218,219,220,1.178312,0.969635,0.49816,1.216963,0.984539,0.463381,1.263098,0.950014,0.489706,Back_side,0.0017,1.219457667,0.968062667,0.483749
100,100,48,20,372,1.343575,0.941297,1.363154,1.326946,0.951486,1.372965,1.340158,0.929053,1.359229,Crown,0.000135,1.336893,0.940612,1.365116
101,101,124,221,122,1.228355,1.515609,0.507889,1.226923,1.493179,0.482136,1.217098,1.516365,0.481762,LeftLegsJoint,0.000352,1.224125333,1.508384333,0.490595667
102,102,222,60,3,1.353211,1.060386,1.316852,1.304334,1.066352,1.343363,1.345399,1.034844,1.360515,Crown,0.00125,1.334314667,1.053860667,1.340243333
103,103,223,224,125,1.138661,1.472142,0.490302,1.145213,1.456353,0.511504,1.135182,1.470608,0.518369,LeftLegsJoint,0.000245,1.139685333,1.466367667,0.506725
104,104,203,160,159,1.260956,1.04577,1.171476,1.251859,1.063228,1.190911,1.277216,1.071951,1.170157,Head,0.000402,1.263343667,1.060316333,1.177514667
105,105,63,226,227,1.453776,1.027254,1.047755,1.484436,1.030355,1.022763,1.46355,1.02076,1.005414,R.Upper_arm,0.000559,1.467254,1.026123,1.025310667
106,106,135,228,136,1.538474,1.075463,0.7626,1.532403,1.079929,0.744982,1.525322,1.098695,0.761303,RightArmsJoint,0.000234,1.532066333,1.084695667,0.756295
107,107,229,113,136,1.544983,1.10656,0.74858,1.530341,1.120971,0.760198,1.525322,1.098695,0.761303,R.Fore_arm,0.000243,1.533548667,1.108742,0.756693667
108,108,184,41,40,1.509208,1.030679,0.76278,1.530963,1.043874,0.764761,1.522258,1.046193,0.788565,RightArmsJoint,0.00032,1.520809667,1.040248667,0.772035333
109,109,230,110,109,1.11117,0.911913,1.076542,1.142788,0.899135,1.062452,1.131869,0.930195,1.1027,L.Upper_arm,0.000701,1.128609,0.913747667,1.080564667
110,110,214,231,232,1.541493,0.997755,0.900112,1.54195,1.056984,0.807955,1.541122,1.040473,0.90503,R.Upper_arm,0.00211,1.541521667,1.031737333,0.871032333
111,111,233,182,234,1.457658,0.912709,1.008771,1.488119,0.909949,1.028972,1.46509,0.906012,1.049881,R.Upper_arm,0.000559,1.470289,0.909556667,1.029208
112,112,164,235,165,1.295316,1.123601,0.801719,1.359846,1.111505,0.703387,1.306071,1.123694,0.702931,R.Side_chest,0.00273,1.320411,1.1196,0.736012333
113,113,236,233,234,1.415654,0.882665,0.984782,1.457658,0.912709,1.008771,1.46509,0.906012,1.049881,R.Side_back,0.00107,1.446134,0.900462,1.014478
114,114,238,239,240,1.416252,1.061648,0.678036,1.420861,1.015174,0.65617,1.396857,1.057903,0.627763,Pelvis,0.00126,1.411323333,1.044908333,0.653989667
115,115,242,243,244,1.360393,0.971906,1.198901,1.360533,0.966126,1.12673,1.34912,0.995576,1.182888,Head,0.000989,1.356682,0.977869333,1.169506333
116,116,139,138,245,1.247055,0.977102,1.198763,1.253486,1.01586,1.178752,1.261055,1.00047,1.174742,Head,0.00031,1.253865333,0.997810667,1.184085667
117,117,246,153,247,1.199758,1.066282,1.045984,1.165981,1.064576,1.005306,1.145202,1.030574,1.044708,L.Side_chest,0.00142,1.170313667,1.053810667,1.031999333
118,118,249,250,251,1.127909,1.490659,0.427582,1.124609,1.523118,0.33502,1.144098,1.498566,0.358814,L.foreleg,0.00118,1.132205333,1.504114333,0.373805333
119,119,31,33,208,1.606665,1.305217,0.578361,1.605239,1.30762,0.557632,1.598712,1.314907,0.580412,R.Hand,0.000133,1.603538667,1.309248,0.572135
120,120,252,89,88,1.480571,1.101947,0.751218,1.46598,1.07775,0.747465,1.470874,1.096914,0.766343,RightArmsJoint,0.000245,1.472475,1.092203667,0.755008667
121,121,228,229,136,1.532403,1.079929,0.744982,1.544983,1.10656,0.74858,1.525322,1.098695,0.761303,R.Fore_arm,0.000303,1.534236,1.095061333,0.751621667
122,122,253,132,254,1.127495,1.068189,0.477932,1.119392,1.029357,0.502621,1.109245,1.097713,0.498239,L.Back_thigh,0.000906,1.118710667,1.065086333,0.492930667
123,123,255,256,189,1.032895,1.094099,0.811468,1.039966,1.08309,0.82059,1.049535,1.093307,0.828403,LeftArmsJoint,0.000127,1.040798667,1.090165333,0.820153667
124,124,243,242,257,1.360533,0.966126,1.12673,1.360393,0.971906,1.198901,1.358601,0.939021,1.128712,Head,0.000986,1.359842333,0.959017667,1.151447667
125,125,30,60,34,1.305776,1.050419,1.360674,1.304334,1.066352,1.343363,1.261686,1.034804,1.358029,Crown,0.000548,1.290598667,1.050525,1.354022
126,126,258,224,223,1.154526,1.453006,0.489649,1.145213,1.456353,0.511504,1.138661,1.472142,0.490302,LeftLegsJoint,0.000276,1.146133333,1.460500333,0.497151667
127,127,259,252,196,1.478968,1.12285,0.748478,1.480571,1.101947,0.751218,1.503674,1.110226,0.764842,R.Fore_arm,0.000293,1.487737667,1.111674333,0.754846
128,128,196,112,259,1.503674,1.110226,0.764842,1.508034,1.129122,0.762922,1.478968,1.12285,0.748478,R.Fore_arm,0.000303,1.496892,1.120732667,0.758747333
129,129,155,260,156,1.205064,1.470193,0.553228,1.218147,1.493031,0.548167,1.19921,1.515618,0.554551,LeftLegsJoint,0.000387,1.207473667,1.492947333,0.551982
130,130,261,18,144,1.442464,1.42086,0.561183,1.423327,1.422938,0.573641,1.436888,1.197043,0.603277,R.front_thigh,0.00261,1.434226333,1.346947,0.579367
131,131,262,28,677,1.054944,1.269141,0.511359,1.061624,1.260563,0.522065,1.057722,1.251005,0.537186,L.Hand,8.75e-05,1.058096667,1.260236333,0.523536667
132,132,211,263,209,1.549551,1.325663,0.523076,1.579049,1.331203,0.549238,1.546256,1.367937,0.534858,R.Hand,0.000847,1.558285333,1.341601,0.535724
133,133,238,264,265,1.416252,1.061648,0.678036,1.398471,1.090421,0.684032,1.410112,1.060315,0.749677,R.Side_chest,0.00121,1.408278333,1.070794667,0.703915
134,134,62,267,47,1.344673,1.422879,0.5478,1.317213,1.264715,0.546893,1.330262,1.214662,0.583458,R.front_thigh,0.00342,1.330716,1.300752,0.559383667
135,135,268,269,111,1.559333,1.209988,0.65242,1.565234,1.229121,0.639067,1.544475,1.2338,0.642578,R.Fore_arm,0.000256,1.556347333,1.224303,0.644688333
136,136,185,236,186,1.397699,0.879327,0.965097,1.415654,0.882665,0.984782,1.39331,0.877405,1.041829,R.Side_back,0.000747,1.402221,0.879799,0.997236
137,137,277,278,279,1.359982,0.947991,1.216716,1.340989,0.919455,1.224438,1.343174,0.910997,1.130999,Head,0.00163,1.348048333,0.926147667,1.190717667
138,138,281,189,188,1.045496,1.113375,0.813858,1.049535,1.093307,0.828403,1.0695,1.116901,0.817727,LeftArmsJoint,0.000306,1.054843667,1.107861,0.819996
139,139,282,109,129,1.090188,0.950361,1.092627,1.131869,0.930195,1.1027,1.13506,0.956632,1.111942,L.Upper_arm,0.00065,1.119039,0.945729333,1.102423
140,140,283,229,228,1.544145,1.090901,0.740458,1.544983,1.10656,0.74858,1.532403,1.079929,0.744982,R.Fore_arm,0.000128,1.540510333,1.092463333,0.744673333
141,141,147,284,370,1.30734,0.907031,1.228854,1.291792,0.897057,1.139586,1.311991,0.895927,1.133797,Head,0.000953,1.303707667,0.900005,1.167412333
142,142,285,232,231,1.53631,1.072067,0.831047,1.541122,1.040473,0.90503,1.54195,1.056984,0.807955,R.Upper_arm,0.000961,1.539794,1.056508,0.848010667
143,143,123,286,287,1.210107,1.527904,0.482928,1.177867,1.538628,0.490723,1.187289,1.543915,0.510466,LeftLegsJoint,0.000389,1.191754333,1.536815667,0.494705667
144,144,3,39,222,1.345399,1.034844,1.360515,1.368959,1.030397,1.341319,1.353211,1.060386,1.316852,Crown,0.000641,1.355856333,1.041875667,1.339562
145,145,290,291,292,1.385968,1.473942,0.565448,1.375616,1.501619,0.561696,1.369578,1.47188,0.555738,RightLegsJoint,0.000275,1.377054,1.482480333,0.560960667
146,146,293,876,270,1.123791,0.986694,0.940994,1.100502,0.979442,0.917386,1.095937,1.034199,0.820896,L.Upper_arm,0.0016,1.106743333,1.000111667,0.893092
147,147,105,294,106,1.201881,1.099723,0.783003,1.21382,1.112033,0.708035,1.183454,1.098557,0.699703,L.Side_chest,0.00132,1.199718333,1.103437667,0.730247
148,148,13,207,14,1.545487,1.27304,0.587661,1.586766,1.314789,0.56482,1.559573,1.281988,0.530478,R.Hand,0.0015,1.563942,1.289939,0.560986333
149,149,140,14,295,1.552225,1.262531,0.516575,1.559573,1.281988,0.530478,1.553825,1.274107,0.513129,R.Hand,0.00012,1.555207667,1.272875333,0.520060667
150,150,129,104,282,1.13506,0.956632,1.111942,1.0976,0.980007,1.100943,1.090188,0.950361,1.092627,L.Upper_arm,0.000702,1.107616,0.962333333,1.101837333
151,151,65,296,297,1.484179,1.022644,1.056266,1.485566,0.992304,1.09216,1.508133,1.007994,1.061875,R.Upper_arm,0.000581,1.492626,1.007647333,1.070100333
152,152,298,299,300,1.309121,0.93282,0.560027,1.245484,0.940881,0.654791,1.221307,0.937758,0.562902,Back_side,0.00408,1.258637333,0.937153,0.592573333
153,153,279,257,277,1.343174,0.910997,1.130999,1.358601,0.939021,1.128712,1.359982,0.947991,1.216716,Head,0.00142,1.353919,0.932669667,1.158809
154,154,301,302,303,1.411131,1.012699,0.612497,1.407586,0.975561,0.5749,1.436664,1.010497,0.588262,R.front_thigh,0.000818,1.418460333,0.999585667,0.591886333
155,155,304,305,306,1.364132,0.974339,0.475766,1.402801,0.984889,0.483068,1.377956,0.954415,0.519655,Back_side,0.000969,1.381629667,0.971214333,0.492829667
156,156,261,307,308,1.442464,1.42086,0.561183,1.46314,1.226191,0.568904,1.45757,1.421584,0.530425,R.front_thigh,0.00336,1.454391333,1.356211667,0.553504
157,157,252,309,89,1.480571,1.101947,0.751218,1.478429,1.086566,0.736359,1.46598,1.07775,0.747465,R.Fore_arm,0.000203,1.474993333,1.088754333,0.745014
158,158,591,386,115,1.574738,1.239344,0.580348,1.549279,1.217754,0.560236,1.561878,1.242912,0.517713,R.Hand,0.000994,1.561965,1.233336667,0.552765667
159,159,121,35,284,1.276649,0.91291,1.228272,1.259586,0.927008,1.215125,1.291792,0.897057,1.139586,Head,0.00113,1.276009,0.912325,1.194327667
160,160,227,312,63,1.46355,1.02076,1.005414,1.453158,1.010723,0.996351,1.453776,1.027254,1.047755,R.Upper_arm,0.000332,1.456828,1.019579,1.016506667
161,161,144,307,261,1.436888,1.197043,0.603277,1.46314,1.226191,0.568904,1.442464,1.42086,0.561183,R.front_thigh,0.00434,1.447497333,1.281364667,0.577788
162,162,130,317,318,1.447531,1.476885,0.500476,1.436253,1.48334,0.48059,1.437844,1.507491,0.489461,RightLegsJoint,0.000306,1.440542667,1.489238667,0.490175667
163,163,63,65,226,1.453776,1.027254,1.047755,1.484179,1.022644,1.056266,1.484436,1.030355,1.022763,R.Upper_arm,0.000526,1.474130333,1.026751,1.042261333
164,164,153,107,319,1.165981,1.064576,1.005306,1.174191,1.075224,0.777929,1.161855,1.056795,0.783447,L.Side_chest,0.00248,1.167342333,1.065531667,0.855560667
165,165,321,322,127,1.083512,1.251434,0.571456,1.068784,1.268753,0.531885,1.059532,1.304249,0.543672,L.Hand,0.000868,1.070609333,1.274812,0.549004333
166,166,68,67,324,1.151398,1.485724,0.470395,1.136888,1.48024,0.448504,1.170898,1.473493,0.465718,L.foreleg,0.00031,1.153061333,1.479819,0.461539
167,167,431,641,567,1.550676,1.109345,0.731914,1.513139,1.068806,0.720939,1.557299,1.155968,0.68287,R.Fore_arm,0.00174,1.540371333,1.111373,0.711907667
168,168,325,97,326,1.117383,1.005541,0.52499,1.129748,0.98249,0.536001,1.107662,1.019947,0.578604,L.Back_thigh,0.000797,1.118264333,1.002659333,0.546531667
169,169,327,244,328,1.338258,1.003469,1.173032,1.34912,0.995576,1.182888,1.342097,1.000818,1.123334,Head,0.000357,1.343158333,0.999954333,1.159751333
170,170,329,330,331,1.101161,1.098345,0.777329,1.088745,1.116074,0.808519,1.105419,1.08936,0.79362,LeftArmsJoint,0.000331,1.098441667,1.101259667,0.793156
171,171,57,202,58,1.368649,1.524303,0.494255,1.359002,1.504165,0.486788,1.354281,1.51389,0.507921,RightLegsJoint,0.000233,1.360644,1.514119333,0.496321333
172,172,158,157,334,1.437238,0.937329,0.915294,1.456983,0.936674,0.988579,1.425545,0.91022,0.921151,R.Side_back,0.00114,1.439922,0.928074333,0.941674667
173,173,336,337,338,1.330677,1.144517,0.55675,1.349001,1.139269,0.590231,1.316705,1.181529,0.545824,R.front_thigh,0.000677,1.332127667,1.155105,0.564268333
174,174,127,339,217,1.059532,1.304249,0.543672,1.067828,1.328984,0.533389,1.05627,1.361874,0.543358,L.Hand,0.000405,1.06121,1.331702333,0.540139667
175,175,25,6,26,1.07814,1.280958,0.627868,1.085734,1.22426,0.643278,1.091467,1.255151,0.610275,L.Hand,0.00077,1.085113667,1.253456333,0.627140333
176,176,209,310,311,1.546256,1.367937,0.534858,1.591385,1.342131,0.545063,1.546855,1.373219,0.524801,R.Hand,0.000282,1.561498667,1.361095667,0.534907333
177,177,180,137,181,1.512618,0.923423,1.025604,1.527313,0.941463,1.036607,1.495123,0.917687,1.064877,R.Upper_arm,0.000557,1.511684667,0.927524333,1.042362667
178,178,340,341,342,1.393748,1.078533,1.003343,1.315291,1.103249,0.943932,1.331461,1.076424,1.041211,R.Side_chest,0.00347,1.346833333,1.086068667,0.996162
179,179,23,343,344,1.353514,1.213768,0.607809,1.365799,1.158916,0.61769,1.380951,1.237478,0.613102,R.front_thigh,0.000941,1.366754667,1.203387333,0.612867
180,180,345,84,346,1.466357,1.09921,0.527475,1.47128,1.214193,0.538083,1.456368,1.067798,0.578456,R.front_thigh,0.00314,1.464668333,1.127067,0.548004667
181,181,148,413,9,1.042047,1.214593,0.61095,1.035748,1.247715,0.641632,1.029595,1.298218,0.598418,L.Hand,0.00151,1.035796667,1.253508667,0.617
182,182,193,640,347,1.216465,0.936864,0.774095,1.213163,0.945837,0.699916,1.266031,0.938636,0.697938,L.Side_back,0.002,1.231886333,0.940445667,0.723983
183,183,308,84,83,1.45757,1.421584,0.530425,1.47128,1.214193,0.538083,1.466457,1.292133,0.516354,R.Back_thigh,0.00196,1.465102333,1.309303333,0.528287333
184,184,219,348,220,1.216963,0.984539,0.463381,1.283135,0.97238,0.460577,1.263098,0.950014,0.489706,Back_side,0.00129,1.254398667,0.968977667,0.471221333
185,185,349,350,351,1.127371,1.631702,0.103643,1.155245,1.608924,0.134079,1.13457,1.622537,0.13777,L.foot,0.000445,1.139062,1.621054333,0.125164
186,186,43,45,352,1.425686,0.987806,0.513746,1.44191,1.001581,0.54798,1.40759,0.968702,0.53387,R.front_thigh,0.000664,1.425062,0.986029667,0.531865333
187,187,244,243,328,1.34912,0.995576,1.182888,1.360533,0.966126,1.12673,1.342097,1.000818,1.123334,Head,0.00116,1.350583333,0.987506667,1.144317333
188,188,323,879,877,1.048146,1.001711,0.890102,1.071022,0.976846,0.919981,1.0555,0.983037,0.927472,L.Upper_arm,0.000388,1.058222667,0.987198,0.912518333
189,189,92,11,355,1.093207,1.061342,0.776461,1.086014,1.057657,0.805673,1.065109,1.048742,0.790732,LeftArmsJoint,0.000392,1.081443333,1.055913667,0.790955333
190,190,356,327,328,1.326567,1.010547,1.163497,1.338258,1.003469,1.173032,1.342097,1.000818,1.123334,Head,0.000362,1.335640667,1.004944667,1.153287667
191,191,357,358,359,1.120579,1.003408,0.516254,1.152433,0.998754,0.473445,1.15263,0.982008,0.493767,L.Back_thigh,0.000586,1.141880667,0.994723333,0.494488667
192,192,292,291,360,1.369578,1.47188,0.555738,1.375616,1.501619,0.561696,1.361908,1.477926,0.553309,RightLegsJoint,0.000144,1.369034,1.483808333,0.556914333
193,193,62,22,361,1.344673,1.422879,0.5478,1.371272,1.425906,0.572124,1.371688,1.459596,0.532223,R.front_thigh,0.000842,1.362544333,1.436127,0.550715667
194,194,267,275,47,1.317213,1.264715,0.546893,1.307781,1.215226,0.529991,1.330262,1.214662,0.583458,R.front_thigh,0.00144,1.318418667,1.231534333,0.553447333
195,195,318,131,130,1.437844,1.507491,0.489461,1.450039,1.489946,0.513106,1.447531,1.476885,0.500476,RightLegsJoint,0.000288,1.445138,1.491440667,0.501014333
196,196,199,225,200,1.436944,1.524839,0.512042,1.41877,1.521065,0.552904,1.444582,1.504453,0.534176,RightLegsJoint,0.000555,1.433432,1.516785667,0.533040667
197,197,362,339,363,1.086603,1.315011,0.512477,1.067828,1.328984,0.533389,1.072531,1.302501,0.518347,L.Hand,0.000291,1.075654,1.315498667,0.521404333
198,198,255,189,281,1.032895,1.094099,0.811468,1.049535,1.093307,0.828403,1.045496,1.113375,0.813858,LeftArmsJoint,0.000249,1.042642,1.100260333,0.817909667
199,199,367,368,369,1.327364,1.357382,0.510735,1.332383,1.364469,0.493043,1.315955,1.274171,0.50999,R.Back_thigh,0.000765,1.325234,1.332007333,0.504589333
200,200,241,859,858,1.428093,1.016708,0.834438,1.419103,1.038512,0.792057,1.419564,1.039381,0.841304,R.Side_chest,0.000594,1.422253333,1.031533667,0.822599667
201,201,48,372,61,1.343575,0.941297,1.363154,1.340158,0.929053,1.359229,1.368311,0.939487,1.339588,Crown,0.000227,1.350681333,0.936612333,1.353990333
202,202,373,139,245,1.247318,0.983497,1.127352,1.247055,0.977102,1.198763,1.261055,1.00047,1.174742,Head,0.000907,1.251809333,0.987023,1.166952333
203,203,374,321,26,1.089184,1.231699,0.599384,1.083512,1.251434,0.571456,1.091467,1.255151,0.610275,L.Hand,0.000444,1.088054333,1.246094667,0.593705
204,204,275,369,274,1.307781,1.215226,0.529991,1.315955,1.274171,0.50999,1.316079,1.264335,0.501262,R.Back_thigh,0.00036,1.313271667,1.251244,0.513747667
205,205,698,416,333,1.128185,0.957949,0.98719,1.137918,1.011621,1.012282,1.133872,0.930359,1.000575,L.Side_chest,0.000761,1.133325,0.966643,1.000015667
206,206,859,241,857,1.419103,1.038512,0.792057,1.428093,1.016708,0.834438,1.429906,0.989451,0.838266,R.Side_back,0.000546,1.425700667,1.014890333,0.821587
207,207,377,135,41,1.535101,1.05987,0.750667,1.538474,1.075463,0.7626,1.530963,1.043874,0.764761,RightArmsJoint,0.000211,1.534846,1.059735667,0.759342667
208,208,207,13,378,1.586766,1.314789,0.56482,1.545487,1.27304,0.587661,1.527152,1.247074,0.624294,R.Hand,0.000736,1.553135,1.278301,0.592258333
209,209,41,184,379,1.530963,1.043874,0.764761,1.509208,1.030679,0.76278,1.530428,1.047298,0.754052,RightArmsJoint,0.000144,1.523533,1.040617,0.760531
210,210,380,381,225,1.386133,1.523592,0.552159,1.401018,1.499709,0.567419,1.41877,1.521065,0.552904,RightLegsJoint,0.000444,1.401973667,1.514788667,0.557494
211,211,427,148,376,1.059512,1.217243,0.593225,1.042047,1.214593,0.61095,1.054003,1.233054,0.574407,L.Hand,0.000283,1.051854,1.22163,0.592860667
212,212,303,45,346,1.436664,1.010497,0.588262,1.44191,1.001581,0.54798,1.456368,1.067798,0.578456,R.front_thigh,0.00128,1.444980667,1.026625333,0.571566
213,213,98,384,272,1.057982,1.048481,0.971649,1.08613,1.010922,1.070184,1.094395,1.030851,1.035616,L.Upper_arm,0.00105,1.079502333,1.030084667,1.025816333
214,214,131,318,199,1.450039,1.489946,0.513106,1.437844,1.507491,0.489461,1.436944,1.524839,0.512042,RightLegsJoint,0.000441,1.441609,1.507425333,0.504869667
215,215,63,312,206,1.453776,1.027254,1.047755,1.453158,1.010723,0.996351,1.432565,1.040981,0.939179,R.Side_chest,0.00136,1.446499667,1.026319333,0.994428333
216,216,316,315,386,1.541833,1.212619,0.561628,1.537798,1.222047,0.55062,1.549279,1.217754,0.560236,R.Hand,6.67e-05,1.54297,1.217473333,0.557494667
217,217,194,387,266,1.156273,1.005901,0.743473,1.163976,0.983695,0.752091,1.158939,0.992356,0.789482,L.Side_back,0.000482,1.159729333,0.993984,0.761682
218,218,388,389,390,1.132995,1.548696,0.468134,1.121528,1.520519,0.459854,1.144925,1.509889,0.483086,L.foreleg,0.00054,1.133149333,1.526368,0.470358
219,219,91,90,696,1.315003,1.06423,1.164563,1.298994,1.066304,1.163963,1.31071,1.089617,1.210163,Head,0.00042,1.308235667,1.073383667,1.179563
220,220,59,75,53,1.263653,0.956672,1.366559,1.312915,0.950532,1.374356,1.267793,0.982703,1.374134,Crown,0.000687,1.281453667,0.963302333,1.371683
221,221,707,90,159,1.290776,1.090724,1.211743,1.298994,1.066304,1.163963,1.277216,1.071951,1.170157,Head,0.000554,1.288995333,1.076326333,1.181954333
222,222,377,228,135,1.535101,1.05987,0.750667,1.532403,1.079929,0.744982,1.538474,1.075463,0.7626,RightArmsJoint,0.000173,1.535326,1.071754,0.752749667
223,223,378,393,207,1.527152,1.247074,0.624294,1.573561,1.294071,0.608979,1.586766,1.314789,0.56482,R.Hand,0.00129,1.562493,1.285311333,0.599364333
224,224,394,395,396,1.110059,1.251495,0.571996,1.10143,1.222305,0.559447,1.107828,1.085392,0.598209,L.front_thigh,0.00159,1.106439,1.186397333,0.576550667
225,225,397,388,390,1.159115,1.533113,0.49036,1.132995,1.548696,0.468134,1.144925,1.509889,0.483086,L.foreleg,0.000524,1.145678333,1.530566,0.480526667
226,226,398,399,245,1.280138,1.012561,1.16076,1.265431,1.004003,1.12458,1.261055,1.00047,1.174742,Head,0.000528,1.268874667,1.005678,1.153360667
227,227,84,307,346,1.47128,1.214193,0.538083,1.46314,1.226191,0.568904,1.456368,1.067798,0.578456,R.front_thigh,0.00259,1.463596,1.169394,0.561814333
228,228,269,268,179,1.565234,1.229121,0.639067,1.559333,1.209988,0.65242,1.567076,1.204752,0.629309,R.Fore_arm,0.000272,1.563881,1.214620333,0.640265333
229,229,400,52,34,1.247511,1.04984,1.325245,1.239203,1.001803,1.352604,1.261686,1.034804,1.358029,Crown,0.000781,1.249466667,1.028815667,1.345292667
230,230,402,403,404,1.370037,0.946394,0.558842,1.39781,0.968968,0.649673,1.366799,0.950523,0.641741,Back_side,0.0015,1.378215333,0.955295,0.616752
231,231,405,63,340,1.418039,1.047229,1.060859,1.453776,1.027254,1.047755,1.393748,1.078533,1.003343,R.Side_chest,0.00145,1.421854333,1.051005333,1.037319
232,232,230,406,110,1.11117,0.911913,1.076542,1.134778,0.903639,1.035053,1.142788,0.899135,1.062452,L.Upper_arm,0.000532,1.129578667,0.904895667,1.058015667
233,233,139,373,407,1.247055,0.977102,1.198763,1.247318,0.983497,1.127352,1.23965,0.946279,1.13099,Head,0.00135,1.244674333,0.968959333,1.152368333
234,234,329,408,330,1.101161,1.098345,0.777329,1.081615,1.123536,0.784518,1.088745,1.116074,0.808519,LeftArmsJoint,0.00042,1.090507,1.112651667,0.790122
235,235,11,409,355,1.086014,1.057657,0.805673,1.065071,1.051719,0.806224,1.065109,1.048742,0.790732,LeftArmsJoint,0.000172,1.072064667,1.052706,0.800876333
236,236,410,304,306,1.328083,0.952543,0.490774,1.364132,0.974339,0.475766,1.377956,0.954415,0.519655,Back_side,0.00108,1.356723667,0.960432333,0.495398333
237,237,103,117,272,1.111614,1.012484,1.086929,1.136477,1.022579,1.057735,1.094395,1.030851,1.035616,L.Upper_arm,0.000944,1.114162,1.021971333,1.060093333
238,238,279,278,370,1.343174,0.910997,1.130999,1.340989,0.919455,1.224438,1.311991,0.895927,1.133797,Head,0.00163,1.332051333,0.908793,1.163078
239,239,12,644,11,1.096862,1.073241,0.807581,1.105276,1.040787,0.827496,1.086014,1.057657,0.805673,L.Upper_arm,0.000321,1.096050667,1.057228333,0.813583333
240,240,388,411,412,1.132995,1.548696,0.468134,1.16672,1.568646,0.471551,1.129698,1.612288,0.330076,L.foreleg,0.00297,1.143137667,1.576543333,0.423253667
241,241,236,334,233,1.415654,0.882665,0.984782,1.425545,0.91022,0.921151,1.457658,0.912709,1.008771,R.Side_back,0.00199,1.432952333,0.901864667,0.971568
242,242,326,96,414,1.107662,1.019947,0.578604,1.127614,0.995227,0.589554,1.120832,1.039993,0.61224,L.front_thigh,0.000691,1.118702667,1.018389,0.593466
243,243,247,416,117,1.145202,1.030574,1.044708,1.137918,1.011621,1.012282,1.136477,1.022579,1.057735,L.Side_chest,0.00032,1.139865667,1.021591333,1.038241667
244,244,417,418,419,1.138056,1.244767,0.601378,1.156526,1.430513,0.573425,1.129088,1.429767,0.552673,L.front_thigh,0.00325,1.141223333,1.368349,0.575825333
245,245,420,421,422,1.200578,0.884642,1.070613,1.16661,0.885231,1.019741,1.25039,0.871009,1.049612,L.Side_back,0.00168,1.205859333,0.880294,1.046655333
246,246,529,123,122,1.213995,1.513714,0.47818,1.210107,1.527904,0.482928,1.217098,1.516365,0.481762,LeftLegsJoint,3.62e-05,1.213733333,1.519327667,0.480956667
247,247,276,424,425,1.52924,0.968646,1.051988,1.511413,0.981044,1.077089,1.513208,0.948413,1.072938,R.Upper_arm,0.000475,1.517953667,0.966034333,1.067338333
248,248,384,104,103,1.08613,1.010922,1.070184,1.0976,0.980007,1.100943,1.111614,1.012484,1.086929,L.Upper_arm,0.000574,1.098448,1.001137667,1.086018667
249,249,380,291,381,1.386133,1.523592,0.552159,1.375616,1.501619,0.561696,1.401018,1.499709,0.567419,RightLegsJoint,0.000331,1.387589,1.508306667,0.560424667
250,250,137,425,181,1.527313,0.941463,1.036607,1.513208,0.948413,1.072938,1.495123,0.917687,1.064877,R.Upper_arm,0.000713,1.511881333,0.935854333,1.058140667
251,251,243,257,428,1.360533,0.966126,1.12673,1.358601,0.939021,1.128712,1.431691,0.977284,1.111573,R.Side_chest,0.000975,1.383608333,0.960810333,1.122338333
252,252,320,137,391,1.533988,0.988466,1.007495,1.527313,0.941463,1.036607,1.539658,0.995446,0.949131,R.Upper_arm,0.00128,1.533653,0.975125,0.997744333
253,253,34,52,5,1.261686,1.034804,1.358029,1.239203,1.001803,1.352604,1.28017,0.999181,1.382709,Crown,0.000896,1.260353,1.011929333,1.364447333
254,254,159,161,707,1.277216,1.071951,1.170157,1.277731,1.088606,1.214377,1.290776,1.090724,1.211743,Head,0.000316,1.281907667,1.083760333,1.198759
255,255,613,333,416,1.144722,1.014106,0.952586,1.133872,0.930359,1.000575,1.137918,1.011621,1.012282,L.Side_chest,0.00246,1.138837333,0.985362,0.988481
256,256,151,430,152,1.247536,1.205346,0.576859,1.255495,1.222874,0.550234,1.226402,1.426874,0.555411,L.front_thigh,0.00298,1.243144333,1.285031333,0.560834667
257,257,431,229,283,1.550676,1.109345,0.731914,1.544983,1.10656,0.74858,1.544145,1.090901,0.740458,R.Fore_arm,0.000151,1.546601333,1.102268667,0.740317333
258,258,71,27,432,1.02346,1.332257,0.579702,1.042595,1.337315,0.587271,1.030704,1.335321,0.5639,L.Hand,0.000186,1.032253,1.334964333,0.576957667
259,259,346,45,345,1.456368,1.067798,0.578456,1.44191,1.001581,0.54798,1.466357,1.09921,0.527475,R.front_thigh,0.00223,1.454878333,1.056196333,0.551303667
260,260,433,281,188,1.058421,1.127332,0.789107,1.045496,1.113375,0.813858,1.0695,1.116901,0.817727,LeftArmsJoint,0.00036,1.057805667,1.119202667,0.806897333
261,261,92,355,434,1.093207,1.061342,0.776461,1.065109,1.048742,0.790732,1.066881,1.054436,0.770764,LeftArmsJoint,0.000289,1.075065667,1.05484,0.779319
262,262,266,387,80,1.158939,0.992356,0.789482,1.163976,0.983695,0.752091,1.174248,0.96933,0.761873,L.Side_back,0.000379,1.165721,0.981793667,0.767815333
263,263,435,260,155,1.224452,1.470806,0.533888,1.218147,1.493031,0.548167,1.205064,1.470193,0.553228,LeftLegsJoint,0.000318,1.215887667,1.47801,0.545094333
264,264,128,432,27,1.042302,1.336496,0.562214,1.030704,1.335321,0.5639,1.042595,1.337315,0.587271,L.Hand,0.000146,1.038533667,1.336377333,0.571128333
265,265,424,297,296,1.511413,0.981044,1.077089,1.508133,1.007994,1.061875,1.485566,0.992304,1.09216,R.Upper_arm,0.000491,1.501704,0.993780667,1.077041333
266,266,436,309,252,1.473786,1.092674,0.713071,1.478429,1.086566,0.736359,1.480571,1.101947,0.751218,R.Fore_arm,0.000229,1.477595333,1.093729,0.733549333
267,267,437,265,314,1.422099,1.033689,0.697893,1.410112,1.060315,0.749677,1.418788,1.023457,0.723678,R.Side_chest,0.000621,1.416999667,1.039153667,0.723749333
268,268,31,438,439,1.606665,1.305217,0.578361,1.584039,1.270389,0.625173,1.587382,1.255931,0.617548,R.Hand,0.000521,1.592695333,1.277179,0.607027333
269,269,111,378,440,1.544475,1.2338,0.642578,1.527152,1.247074,0.624294,1.524652,1.225189,0.639614,R.Hand,0.000276,1.532093,1.235354333,0.635495333
270,270,696,90,707,1.31071,1.089617,1.210163,1.298994,1.066304,1.163963,1.290776,1.090724,1.211743,Head,0.000527,1.30016,1.082215,1.195289667
271,271,110,421,420,1.142788,0.899135,1.062452,1.16661,0.885231,1.019741,1.200578,0.884642,1.070613,L.Side_back,0.0014,1.169992,0.889669333,1.050935333
272,272,230,109,282,1.11117,0.911913,1.076542,1.131869,0.930195,1.1027,1.090188,0.950361,1.092627,L.Upper_arm,0.000818,1.111075667,0.930823,1.090623
273,273,443,107,106,1.15626,1.06364,0.709369,1.174191,1.075224,0.777929,1.183454,1.098557,0.699703,L.Side_chest,0.00162,1.171301667,1.079140333,0.729000333
274,274,8,376,148,1.042215,1.257268,0.570042,1.054003,1.233054,0.574407,1.042047,1.214593,0.61095,L.Hand,0.000533,1.046088333,1.234971667,0.585133
275,275,444,445,347,1.319122,0.941242,0.646808,1.365534,0.944965,0.702668,1.266031,0.938636,0.697938,Back_side,0.00267,1.316895667,0.941614333,0.682471333
276,276,24,252,259,1.470161,1.112452,0.725335,1.480571,1.101947,0.751218,1.478968,1.12285,0.748478,R.Fore_arm,0.000275,1.476566667,1.112416333,0.741677
277,277,433,188,330,1.058421,1.127332,0.789107,1.0695,1.116901,0.817727,1.088745,1.116074,0.808519,LeftArmsJoint,0.000345,1.072222,1.120102333,0.805117667
278,278,398,447,399,1.280138,1.012561,1.16076,1.300051,1.015702,1.12194,1.265431,1.004003,1.12458,Head,0.000686,1.281873333,1.010755333,1.13576
279,279,110,406,421,1.142788,0.899135,1.062452,1.134778,0.903639,1.035053,1.16661,0.885231,1.019741,L.Side_back,0.000574,1.148058667,0.896001667,1.039082
280,280,190,429,126,1.156585,1.516427,0.551186,1.133847,1.500633,0.530655,1.148793,1.479868,0.548444,LeftLegsJoint,0.000503,1.146408333,1.498976,0.543428333
281,281,305,304,449,1.402801,0.984889,0.483068,1.364132,0.974339,0.475766,1.390475,0.994491,0.465589,Back_side,0.000406,1.385802667,0.984573,0.474807667
282,282,148,9,8,1.042047,1.214593,0.61095,1.029595,1.298218,0.598418,1.042215,1.257268,0.570042,L.Hand,0.00149,1.037952333,1.256693,0.593136667
283,283,377,41,379,1.535101,1.05987,0.750667,1.530963,1.043874,0.764761,1.530428,1.047298,0.754052,RightArmsJoint,6.77e-05,1.532164,1.050347333,0.756493333
284,284,356,328,447,1.326567,1.010547,1.163497,1.342097,1.000818,1.123334,1.300051,1.015702,1.12194,Head,0.000913,1.322905,1.009022333,1.136257
285,285,71,432,10,1.02346,1.332257,0.579702,1.030704,1.335321,0.5639,1.019276,1.321652,0.559404,L.Hand,0.00016,1.02448,1.329743333,0.567668667
286,286,857,452,158,1.429906,0.989451,0.838266,1.445746,0.987944,0.946001,1.437238,0.937329,0.915294,R.Side_back,0.00279,1.43763,0.971574667,0.899853667
287,287,24,436,252,1.470161,1.112452,0.725335,1.473786,1.092674,0.713071,1.480571,1.101947,0.751218,R.Fore_arm,0.000349,1.474839333,1.102357667,0.729874667
288,288,454,441,442,1.299948,1.150332,0.561079,1.254626,1.142126,0.529252,1.230764,1.143639,0.559987,Pelvis,0.00109,1.261779333,1.145365667,0.550106
289,289,455,423,456,1.197139,1.566561,0.471239,1.226647,1.548578,0.459755,1.195252,1.622325,0.291752,L.foreleg,0.00339,1.206346,1.579154667,0.407582
290,290,320,276,137,1.533988,0.988466,1.007495,1.52924,0.968646,1.051988,1.527313,0.941463,1.036607,R.Upper_arm,0.000763,1.530180333,0.966191667,1.03203
291,291,75,59,673,1.312915,0.950532,1.374356,1.263653,0.956672,1.366559,1.298651,0.934529,1.368549,Crown,0.000454,1.291739667,0.947244333,1.369821333
292,292,693,91,696,1.336701,1.066939,1.186926,1.315003,1.06423,1.164563,1.31071,1.089617,1.210163,Head,0.00065,1.320804667,1.073595333,1.187217333
293,293,426,232,177,1.524049,0.993998,1.053043,1.541122,1.040473,0.90503,1.514547,1.051011,0.955168,R.Upper_arm,0.00258,1.526572667,1.028494,0.971080333
294,294,320,232,426,1.533988,0.988466,1.007495,1.541122,1.040473,0.90503,1.524049,0.993998,1.053043,R.Upper_arm,0.00153,1.533053,1.007645667,0.988522667
295,295,455,286,123,1.197139,1.566561,0.471239,1.177867,1.538628,0.490723,1.210107,1.527904,0.482928,L.foreleg,0.00064,1.195037667,1.544364333,0.48163
296,296,337,343,47,1.349001,1.139269,0.590231,1.365799,1.158916,0.61769,1.330262,1.214662,0.583458,R.front_thigh,0.00139,1.348354,1.170949,0.597126333
297,297,447,457,356,1.300051,1.015702,1.12194,1.299808,1.016309,1.155234,1.326567,1.010547,1.163497,Head,0.000457,1.308808667,1.014186,1.146890333
298,298,458,408,329,1.094355,1.106576,0.76616,1.081615,1.123536,0.784518,1.101161,1.098345,0.777329,LeftArmsJoint,0.000217,1.092377,1.109485667,0.776002333
299,299,295,14,513,1.553825,1.274107,0.513129,1.559573,1.281988,0.530478,1.552163,1.293261,0.509735,R.Hand,0.00019,1.555187,1.283118667,0.517780667
300,300,328,243,428,1.342097,1.000818,1.123334,1.360533,0.966126,1.12673,1.431691,0.977284,1.111573,R.Side_chest,0.00138,1.378107,0.981409333,1.120545667
301,301,191,864,141,1.216862,0.875398,0.97286,1.30728,0.877363,0.968979,1.315169,0.867036,1.016896,L.Side_back,0.00223,1.279770333,0.873265667,0.986245
302,302,457,447,398,1.299808,1.016309,1.155234,1.300051,1.015702,1.12194,1.280138,1.012561,1.16076,Head,0.000333,1.293332333,1.014857333,1.145978
303,303,399,373,245,1.265431,1.004003,1.12458,1.247318,0.983497,1.127352,1.261055,1.00047,1.174742,Head,0.000679,1.257934667,0.99599,1.142224667
304,304,444,404,445,1.319122,0.941242,0.646808,1.366799,0.950523,0.641741,1.365534,0.944965,0.702668,Back_side,0.00148,1.350485,0.945576667,0.663739
305,305,394,396,417,1.110059,1.251495,0.571996,1.107828,1.085392,0.598209,1.138056,1.244767,0.601378,L.front_thigh,0.00334,1.118647667,1.193884667,0.590527667
306,306,255,281,459,1.032895,1.094099,0.811468,1.045496,1.113375,0.813858,1.033441,1.111796,0.791988,LeftArmsJoint,0.000265,1.037277333,1.106423333,0.805771333
307,307,460,461,85,1.443215,1.103868,0.478863,1.442868,1.193275,0.474114,1.463352,1.20463,0.501655,R.Back_thigh,0.00156,1.449811667,1.167257667,0.484877333
308,308,462,440,463,1.515558,1.205426,0.612354,1.524652,1.225189,0.639614,1.513855,1.219123,0.584807,R.Hand,0.000477,1.518021667,1.216579333,0.612258333
309,309,464,465,376,1.061238,1.23848,0.557972,1.075531,1.22437,0.580352,1.054003,1.233054,0.574407,L.Hand,0.000225,1.063590667,1.231968,0.570910333
310,310,37,407,35,1.247606,0.948263,1.212486,1.23965,0.946279,1.13099,1.259586,0.927008,1.215125,Head,0.000996,1.248947333,0.940516667,1.186200333
311,311,175,466,176,1.518843,1.090655,0.820841,1.505184,1.086059,0.800951,1.485855,1.091872,0.824884,R.Upper_arm,0.000366,1.503294,1.089528667,0.815558667
312,312,353,467,468,1.175821,1.680668,0.190037,1.15925,1.720154,0.168731,1.149717,1.699058,0.179102,L.foreleg,0.000409,1.161596,1.69996,0.17929
313,313,436,469,309,1.473786,1.092674,0.713071,1.48837,1.075321,0.729362,1.478429,1.086566,0.736359,R.Fore_arm,0.000202,1.480195,1.084853667,0.726264
314,314,470,117,416,1.110273,1.032317,1.024057,1.136477,1.022579,1.057735,1.137918,1.011621,1.012282,L.Upper_arm,0.000753,1.128222667,1.022172333,1.031358
315,315,471,182,233,1.48104,0.932288,0.984613,1.488119,0.909949,1.028972,1.457658,0.912709,1.008771,R.Upper_arm,0.000708,1.475605667,0.918315333,1.007452
316,316,406,354,76,1.134778,0.903639,1.035053,1.092308,0.917684,1.031041,1.10404,0.937016,0.992147,L.Upper_arm,0.00101,1.110375333,0.919446333,1.019413667
317,317,24,440,462,1.470161,1.112452,0.725335,1.524652,1.225189,0.639614,1.515558,1.205426,0.612354,R.Fore_arm,0.00264,1.503457,1.181022333,0.659101
318,318,189,94,99,1.049535,1.093307,0.828403,1.030348,1.049487,0.842854,1.052564,1.101103,0.853888,L.Upper_arm,0.00067,1.044149,1.081299,0.841715
319,319,35,407,472,1.259586,0.927008,1.215125,1.23965,0.946279,1.13099,1.262958,0.905693,1.132617,Head,0.00196,1.254064667,0.926326667,1.159577333
320,320,473,474,151,1.234563,1.174452,0.589803,1.251246,1.180911,0.547429,1.247536,1.205346,0.576859,R.front_thigh,0.000671,1.244448333,1.186903,0.571363667
321,321,475,476,477,1.118678,1.660219,0.156933,1.119478,1.572388,0.262511,1.119376,1.635698,0.226856,L.foreleg,0.00178,1.119177333,1.622768333,0.215433333
322,322,465,427,376,1.075531,1.22437,0.580352,1.059512,1.217243,0.593225,1.054003,1.233054,0.574407,L.Hand,0.000239,1.063015333,1.224889,0.582661333
323,323,37,139,407,1.247606,0.948263,1.212486,1.247055,0.977102,1.198763,1.23965,0.946279,1.13099,Head,0.00119,1.244770333,0.957214667,1.180746333
324,324,317,809,318,1.436253,1.48334,0.48059,1.451482,1.518692,0.478033,1.437844,1.507491,0.489461,R.foreleg,0.000254,1.441859667,1.503174333,0.482694667
325,325,478,119,114,1.096436,1.07867,0.564664,1.09657,1.194102,0.523436,1.099312,1.050647,0.540586,L.Back_thigh,0.00198,1.097439333,1.107806333,0.542895333
326,326,324,67,479,1.170898,1.473493,0.465718,1.136888,1.48024,0.448504,1.172248,1.46163,0.43981,L.foreleg,0.000528,1.160011333,1.471787667,0.451344
327,327,268,111,113,1.559333,1.209988,0.65242,1.544475,1.2338,0.642578,1.530341,1.120971,0.760198,R.Fore_arm,0.00162,1.544716333,1.188253,0.685065333
328,328,514,481,288,1.167997,0.955484,0.564367,1.198548,0.950999,0.660762,1.164399,0.980631,0.691714,Back_side,0.00262,1.176981333,0.962371333,0.638947667
329,329,417,482,483,1.138056,1.244767,0.601378,1.145559,1.074817,0.630706,1.16958,1.210913,0.618674,L.front_thigh,0.00276,1.151065,1.176832333,0.616919333
330,330,396,326,414,1.107828,1.085392,0.598209,1.107662,1.019947,0.578604,1.120832,1.039993,0.61224,L.front_thigh,0.00101,1.112107333,1.048444,0.596351
331,331,484,262,174,1.063835,1.286024,0.495966,1.054944,1.269141,0.511359,1.038846,1.273988,0.525983,L.Hand,0.000233,1.052541667,1.276384333,0.511102667
332,332,485,86,25,1.06191,1.290081,0.637536,1.078693,1.239095,0.64917,1.07814,1.280958,0.627868,L.Hand,0.000484,1.072914333,1.270044667,0.638191333
333,333,342,341,486,1.331461,1.076424,1.041211,1.315291,1.103249,0.943932,1.222547,1.070513,1.051764,L.Side_chest,0.00559,1.289766333,1.083395333,1.012302333
334,334,378,13,487,1.527152,1.247074,0.624294,1.545487,1.27304,0.587661,1.528702,1.241787,0.553241,R.Hand,0.0012,1.533780333,1.253967,0.588398667
335,335,488,100,101,1.168656,1.549426,0.240227,1.157383,1.515278,0.305001,1.145097,1.567681,0.220566,L.foreleg,0.00104,1.157045333,1.544128333,0.255264667
336,336,352,402,306,1.40759,0.968702,0.53387,1.370037,0.946394,0.558842,1.377956,0.954415,0.519655,Back_side,0.000723,1.385194333,0.956503667,0.537455667
337,337,179,439,269,1.567076,1.204752,0.629309,1.587382,1.255931,0.617548,1.565234,1.229121,0.639067,R.Hand,0.000499,1.573230667,1.229934667,0.628641333
338,338,353,490,467,1.175821,1.680668,0.190037,1.178201,1.710512,0.162035,1.15925,1.720154,0.168731,L.foreleg,0.000456,1.171090667,1.703778,0.173601
339,339,263,207,310,1.579049,1.331203,0.549238,1.586766,1.314789,0.56482,1.591385,1.342131,0.545063,R.Hand,0.000189,1.585733333,1.329374333,0.553040333
340,340,328,491,492,1.342097,1.000818,1.123334,1.395292,1.023403,1.097697,1.313956,1.051918,1.087766,R.Side_chest,0.00214,1.350448333,1.025379667,1.102932333
341,341,384,103,272,1.08613,1.010922,1.070184,1.111614,1.012484,1.086929,1.094395,1.030851,1.035616,L.Upper_arm,0.000599,1.097379667,1.018085667,1.064243
342,342,493,863,265,1.368274,1.099031,0.788876,1.410573,1.061184,0.798923,1.410112,1.060315,0.749677,R.Side_chest,0.0014,1.396319667,1.07351,0.779158667
343,343,437,238,265,1.422099,1.033689,0.697893,1.416252,1.061648,0.678036,1.410112,1.060315,0.749677,R.Side_chest,0.00103,1.416154333,1.051884,0.708535333
344,344,433,330,408,1.058421,1.127332,0.789107,1.088745,1.116074,0.808519,1.081615,1.123536,0.784518,LeftArmsJoint,0.00031,1.076260333,1.122314,0.794048
345,345,417,483,418,1.138056,1.244767,0.601378,1.16958,1.210913,0.618674,1.156526,1.430513,0.573425,L.front_thigh,0.00348,1.154720667,1.295397667,0.597825667
346,346,23,47,343,1.353514,1.213768,0.607809,1.330262,1.214662,0.583458,1.365799,1.158916,0.61769,R.front_thigh,0.000917,1.349858333,1.195782,0.602985667
347,347,495,222,39,1.374805,1.040208,1.301661,1.353211,1.060386,1.316852,1.368959,1.030397,1.341319,Crown,0.000632,1.365658333,1.043663667,1.319944
348,348,403,352,302,1.39781,0.968968,0.649673,1.40759,0.968702,0.53387,1.407586,0.975561,0.5749,Back_side,0.000441,1.404328667,0.971077,0.586147667
349,349,431,283,641,1.550676,1.109345,0.731914,1.544145,1.090901,0.740458,1.513139,1.068806,0.720939,R.Fore_arm,0.000399,1.535986667,1.089684,0.731103667
350,350,464,376,8,1.061238,1.23848,0.557972,1.054003,1.233054,0.574407,1.042215,1.257268,0.570042,L.Hand,0.000249,1.052485333,1.242934,0.567473667
351,351,144,143,346,1.436888,1.197043,0.603277,1.439785,1.044231,0.602656,1.456368,1.067798,0.578456,R.front_thigh,0.00227,1.444347,1.103024,0.594796333
352,352,497,498,403,1.413057,0.986071,0.706641,1.395068,0.962854,0.708693,1.39781,0.968968,0.649673,Back_side,0.00086,1.401978333,0.972631,0.688335667
353,353,6,499,500,1.085734,1.22426,0.643278,1.096587,1.144153,0.761015,1.103127,1.120269,0.740841,L.Fore_arm,0.00227,1.095149333,1.162894,0.715044667
354,354,501,485,27,1.047622,1.290828,0.63703,1.06191,1.290081,0.637536,1.042595,1.337315,0.587271,L.Hand,0.000484,1.050709,1.306074667,0.620612333
355,355,176,466,448,1.485855,1.091872,0.824884,1.505184,1.086059,0.800951,1.477119,1.076031,0.797354,R.Upper_arm,0.000426,1.489386,1.084654,0.807729667
356,356,345,45,44,1.466357,1.09921,0.527475,1.44191,1.001581,0.54798,1.453739,1.043517,0.520824,R.Back_thigh,0.000922,1.454002,1.048102667,0.532093
357,357,447,328,492,1.300051,1.015702,1.12194,1.342097,1.000818,1.123334,1.313956,1.051918,1.087766,R.Side_chest,0.00115,1.318701333,1.022812667,1.111013333
358,358,502,503,468,1.129653,1.712317,0.166635,1.126531,1.680865,0.1776,1.149717,1.699058,0.179102,L.foreleg,0.000381,1.135300333,1.697413333,0.174445667
359,359,504,350,505,1.178195,1.618668,0.099889,1.155245,1.608924,0.134079,1.150556,1.62308,0.076319,L.foot,0.000767,1.161332,1.616890667,0.103429
360,360,426,424,276,1.524049,0.993998,1.053043,1.511413,0.981044,1.077089,1.52924,0.968646,1.051988,R.Upper_arm,0.000371,1.521567333,0.981229333,1.060706667
361,361,448,204,176,1.477119,1.076031,0.797354,1.464295,1.076325,0.816142,1.485855,1.091872,0.824884,R.Upper_arm,0.000314,1.475756333,1.081409333,0.812793333
362,362,246,506,153,1.199758,1.066282,1.045984,1.192303,1.080771,0.989354,1.165981,1.064576,1.005306,L.Side_chest,0.00091,1.186014,1.070543,1.013548
363,363,440,378,463,1.524652,1.225189,0.639614,1.527152,1.247074,0.624294,1.513855,1.219123,0.584807,R.Hand,0.000673,1.521886333,1.230462,0.616238333
364,364,438,507,269,1.584039,1.270389,0.625173,1.570582,1.272519,0.630076,1.565234,1.229121,0.639067,R.Hand,0.000323,1.573285,1.257343,0.631438667
365,365,508,462,463,1.516847,1.21256,0.592586,1.515558,1.205426,0.612354,1.513855,1.219123,0.584807,R.Hand,5.29e-05,1.51542,1.212369667,0.596582333
366,366,263,14,207,1.579049,1.331203,0.549238,1.559573,1.281988,0.530478,1.586766,1.314789,0.56482,R.Hand,0.000646,1.575129333,1.309326667,0.548178667
367,367,509,165,510,1.261189,1.149064,0.61251,1.306071,1.123694,0.702931,1.324303,1.143509,0.613699,Pelvis,0.00292,1.297187667,1.138755667,0.643046667
368,368,388,397,286,1.132995,1.548696,0.468134,1.159115,1.533113,0.49036,1.177867,1.538628,0.490723,L.foreleg,0.000305,1.156659,1.540145667,0.483072333
369,369,111,507,378,1.544475,1.2338,0.642578,1.570582,1.272519,0.630076,1.527152,1.247074,0.624294,R.Hand,0.000673,1.547403,1.251131,0.632316
370,370,292,360,361,1.369578,1.47188,0.555738,1.361908,1.477926,0.553309,1.371688,1.459596,0.532223,RightLegsJoint,0.000133,1.367724667,1.469800667,0.54709
371,371,408,458,512,1.081615,1.123536,0.784518,1.094355,1.106576,0.76616,1.099777,1.111902,0.761577,L.Fore_arm,0.00012,1.091915667,1.114004667,0.770751667
372,372,140,295,32,1.552225,1.262531,0.516575,1.553825,1.274107,0.513129,1.60541,1.285538,0.55214,R.Hand,0.000398,1.570486667,1.274058667,0.527281333
373,373,426,297,424,1.524049,0.993998,1.053043,1.508133,1.007994,1.061875,1.511413,0.981044,1.077089,R.Upper_arm,0.000325,1.514531667,0.994345333,1.064002333
374,374,141,864,185,1.315169,0.867036,1.016896,1.30728,0.877363,0.968979,1.397699,0.879327,0.965097,R.Side_back,0.00223,1.340049333,0.874575333,0.983657333
375,375,423,455,123,1.226647,1.548578,0.459755,1.197139,1.566561,0.471239,1.210107,1.527904,0.482928,L.foreleg,0.000611,1.211297667,1.547681,0.471307333
376,376,410,515,220,1.328083,0.952543,0.490774,1.279555,0.937552,0.51662,1.263098,0.950014,0.489706,Back_side,0.000966,1.290245333,0.946703,0.499033333
377,377,128,217,432,1.042302,1.336496,0.562214,1.05627,1.361874,0.543358,1.030704,1.335321,0.5639,L.Hand,0.00017,1.043092,1.344563667,0.556490667
378,378,516,515,300,1.184175,0.953301,0.522363,1.279555,0.937552,0.51662,1.221307,0.937758,0.562902,Back_side,0.00212,1.228345667,0.942870333,0.533961667
379,379,517,518,519,1.19353,1.646354,0.09537,1.189945,1.64941,0.147707,1.182337,1.621477,0.146347,L.foot,0.000759,1.188604,1.639080333,0.129808
380,380,470,416,364,1.110273,1.032317,1.024057,1.137918,1.011621,1.012282,1.126914,1.023168,1.012739,L.Upper_arm,9.75e-05,1.125035,1.022368667,1.016359333
381,381,428,491,328,1.431691,0.977284,1.111573,1.395292,1.023403,1.097697,1.342097,1.000818,1.123334,R.Side_chest,0.00189,1.389693333,1.000501667,1.110868
382,382,458,329,593,1.094355,1.106576,0.76616,1.101161,1.098345,0.777329,1.09172,1.098869,0.754043,LeftArmsJoint,0.000103,1.095745333,1.101263333,0.765844
383,383,483,212,213,1.16958,1.210913,0.618674,1.201966,1.19903,0.6195,1.191147,1.430629,0.575895,L.front_thigh,0.00376,1.187564333,1.280190667,0.604689667
384,384,421,191,422,1.16661,0.885231,1.019741,1.216862,0.875398,0.97286,1.25039,0.871009,1.049612,L.Side_back,0.00276,1.211287333,0.877212667,1.014071
385,385,507,438,208,1.570582,1.272519,0.630076,1.584039,1.270389,0.625173,1.598712,1.314907,0.580412,R.Hand,0.000441,1.584444333,1.285938333,0.611887
386,386,349,505,350,1.127371,1.631702,0.103643,1.150556,1.62308,0.076319,1.155245,1.608924,0.134079,L.foot,0.000869,1.144390667,1.621235333,0.104680333
387,387,520,349,475,1.08334,1.751374,0.124283,1.127371,1.631702,0.103643,1.118678,1.660219,0.156933,L.foot,0.00309,1.109796333,1.681098333,0.128286333
388,388,276,425,137,1.52924,0.968646,1.051988,1.513208,0.948413,1.072938,1.527313,0.941463,1.036607,R.Upper_arm,0.000504,1.523253667,0.952840667,1.053844333
389,389,470,272,117,1.110273,1.032317,1.024057,1.094395,1.030851,1.035616,1.136477,1.022579,1.057735,L.Upper_arm,0.000431,1.113715,1.028582333,1.039136
390,390,373,399,521,1.247318,0.983497,1.127352,1.265431,1.004003,1.12458,1.186728,1.001294,1.113755,L.Side_chest,0.000817,1.233159,0.996264667,1.121895667
391,391,569,215,383,1.515145,1.019163,0.789313,1.527036,0.976568,0.90266,1.489924,1.016561,0.793008,R.Upper_arm,0.00155,1.510701667,1.004097333,0.828327
392,392,297,177,65,1.508133,1.007994,1.061875,1.514547,1.051011,0.955168,1.484179,1.022644,1.056266,R.Upper_arm,0.00156,1.502286333,1.027216333,1.024436333
393,393,343,523,344,1.365799,1.158916,0.61769,1.401471,1.214499,0.615599,1.380951,1.237478,0.613102,R.front_thigh,0.000983,1.382740333,1.203631,0.615463667
394,394,418,483,213,1.156526,1.430513,0.573425,1.16958,1.210913,0.618674,1.191147,1.430629,0.575895,L.front_thigh,0.00389,1.172417667,1.357351667,0.589331333
395,395,300,481,514,1.221307,0.937758,0.562902,1.198548,0.950999,0.660762,1.167997,0.955484,0.564367,Back_side,0.00273,1.195950667,0.948080333,0.596010333
396,396,423,524,450,1.226647,1.548578,0.459755,1.236371,1.516784,0.446894,1.224951,1.568058,0.359973,L.foreleg,0.00178,1.229323,1.544473333,0.422207333
397,397,360,291,525,1.361908,1.477926,0.553309,1.375616,1.501619,0.561696,1.356029,1.512419,0.534653,RightLegsJoint,0.000488,1.364517667,1.497321333,0.549886
398,398,351,475,349,1.13457,1.622537,0.13777,1.118678,1.660219,0.156933,1.127371,1.631702,0.103643,L.foot,0.000809,1.126873,1.638152667,0.132782
399,399,503,526,475,1.126531,1.680865,0.1776,1.104209,1.719271,0.143406,1.118678,1.660219,0.156933,L.foreleg,0.000847,1.116472667,1.686785,0.159313
400,400,353,527,490,1.175821,1.680668,0.190037,1.185844,1.708555,0.13915,1.178201,1.710512,0.162035,L.foreleg,0.000395,1.179955333,1.699911667,0.163740667
401,401,337,47,338,1.349001,1.139269,0.590231,1.330262,1.214662,0.583458,1.316705,1.181529,0.545824,R.front_thigh,0.00176,1.331989333,1.178486667,0.573171
402,402,145,146,528,1.175858,1.069269,0.639288,1.205186,1.120122,0.638731,1.198648,1.111973,0.622903,Pelvis,0.00047,1.193230667,1.100454667,0.633640667
403,403,246,486,506,1.199758,1.066282,1.045984,1.222547,1.070513,1.051764,1.192303,1.080771,0.989354,L.Side_chest,0.000669,1.204869333,1.072522,1.029034
404,404,504,517,519,1.178195,1.618668,0.099889,1.19353,1.646354,0.09537,1.182337,1.621477,0.146347,L.foot,0.000746,1.184687333,1.628833,0.113868667
405,405,285,231,175,1.53631,1.072067,0.831047,1.54195,1.056984,0.807955,1.518843,1.090655,0.820841,R.Upper_arm,0.00038,1.532367667,1.073235333,0.819947667
406,406,207,33,310,1.586766,1.314789,0.56482,1.605239,1.30762,0.557632,1.591385,1.342131,0.545063,R.Hand,0.000359,1.594463333,1.321513333,0.555838333
407,407,433,459,281,1.058421,1.127332,0.789107,1.033441,1.111796,0.791988,1.045496,1.113375,0.813858,LeftArmsJoint,0.000346,1.045786,1.117501,0.798317667
408,408,104,50,282,1.0976,0.980007,1.100943,1.066239,0.97894,1.064687,1.090188,0.950361,1.092627,L.Upper_arm,0.000705,1.084675667,0.969769333,1.086085667
409,409,388,286,411,1.132995,1.548696,0.468134,1.177867,1.538628,0.490723,1.16672,1.568646,0.471551,L.foreleg,0.00073,1.159194,1.55199,0.476802667
410,410,423,123,529,1.226647,1.548578,0.459755,1.210107,1.527904,0.482928,1.213995,1.513714,0.47818,L.foreleg,0.000265,1.216916333,1.530065333,0.473621
411,411,86,485,375,1.078693,1.239095,0.64917,1.06191,1.290081,0.637536,1.064304,1.252179,0.648483,L.Hand,0.000275,1.068302333,1.260451667,0.645063
412,412,530,340,63,1.420852,1.063578,0.964296,1.393748,1.078533,1.003343,1.453776,1.027254,1.047755,R.Side_chest,0.00223,1.422792,1.056455,1.005131333
413,413,531,365,401,1.110802,1.066274,0.827767,1.111443,1.080839,0.836666,1.11732,1.049957,0.857067,L.Upper_arm,0.000291,1.113188333,1.06569,0.8405
414,414,61,532,54,1.368311,0.939487,1.339588,1.384407,0.944456,1.295192,1.383552,0.986872,1.33565,Crown,0.00114,1.378756667,0.956938333,1.323476667
415,415,448,533,494,1.477119,1.076031,0.797354,1.464636,1.057662,0.776706,1.471916,1.057497,0.789041,RightArmsJoint,0.000134,1.471223667,1.06373,0.787700333
416,416,534,279,370,1.423383,0.902557,1.084461,1.343174,0.910997,1.130999,1.311991,0.895927,1.133797,R.Side_back,0.00102,1.359516,0.903160333,1.116419
417,417,535,395,394,1.117291,1.426734,0.527142,1.10143,1.222305,0.559447,1.110059,1.251495,0.571996,L.front_thigh,0.00189,1.109593333,1.300178,0.552861667
418,418,536,524,529,1.214902,1.492725,0.468105,1.236371,1.516784,0.446894,1.213995,1.513714,0.47818,L.foreleg,0.000429,1.221756,1.507741,0.464393
419,419,284,35,472,1.291792,0.897057,1.139586,1.259586,0.927008,1.215125,1.262958,0.905693,1.132617,Head,0.00131,1.271445333,0.909919333,1.162442667
420,420,537,368,367,1.337381,1.422888,0.506657,1.332383,1.364469,0.493043,1.327364,1.357382,0.510735,R.Back_thigh,0.000585,1.332376,1.381579667,0.503478333
421,421,538,213,152,1.177146,1.460035,0.552255,1.191147,1.430629,0.575895,1.226402,1.426874,0.555411,L.front_thigh,0.000822,1.198231667,1.439179333,0.561187
422,422,484,174,539,1.063835,1.286024,0.495966,1.038846,1.273988,0.525983,1.059833,1.298808,0.494857,L.Hand,0.000271,1.054171333,1.286273333,0.505602
423,423,556,178,496,1.541795,1.199928,0.582252,1.558309,1.194698,0.613752,1.531728,1.188728,0.609176,R.Hand,0.000413,1.543944,1.194451333,0.601726667
424,424,350,101,540,1.155245,1.608924,0.134079,1.145097,1.567681,0.220566,1.136627,1.604149,0.175726,L.foreleg,0.000953,1.145656333,1.593584667,0.176790333
425,425,166,254,119,1.115461,1.204528,0.48155,1.109245,1.097713,0.498239,1.09657,1.194102,0.523436,L.Back_thigh,0.00236,1.107092,1.165447667,0.501075
426,426,206,530,63,1.432565,1.040981,0.939179,1.420852,1.063578,0.964296,1.453776,1.027254,1.047755,R.Side_chest,0.00167,1.435731,1.043937667,0.983743333
427,427,238,541,264,1.416252,1.061648,0.678036,1.369971,1.113202,0.636432,1.398471,1.090421,0.684032,Pelvis,0.000932,1.394898,1.088423667,0.666166667
428,428,542,408,512,1.084263,1.143181,0.780812,1.081615,1.123536,0.784518,1.099777,1.111902,0.761577,L.Fore_arm,0.000314,1.088551667,1.126206333,0.775635667
429,429,249,67,389,1.127909,1.490659,0.427582,1.136888,1.48024,0.448504,1.121528,1.520519,0.459854,L.foreleg,0.000535,1.128775,1.497139333,0.445313333
430,430,395,120,119,1.10143,1.222305,0.559447,1.102518,1.281609,0.527852,1.09657,1.194102,0.523436,L.Back_thigh,0.00152,1.100172667,1.232672,0.536911667
431,431,432,217,543,1.030704,1.335321,0.5639,1.05627,1.361874,0.543358,1.053971,1.367128,0.534896,L.Hand,0.000174,1.046981667,1.354774333,0.547384667
432,432,544,545,279,1.470573,0.931392,1.088673,1.468815,0.955894,1.099685,1.343174,0.910997,1.130999,R.Side_back,0.00183,1.427520667,0.932761,1.106452333
433,433,669,465,374,1.07882,1.221081,0.59621,1.075531,1.22437,0.580352,1.089184,1.231699,0.599384,L.Hand,0.000123,1.081178333,1.225716667,0.591982
434,434,546,434,355,1.041919,1.059015,0.779901,1.066881,1.054436,0.770764,1.065109,1.048742,0.790732,LeftArmsJoint,0.000263,1.057969667,1.054064333,0.780465667
435,435,409,547,548,1.065071,1.051719,0.806224,1.041449,1.065462,0.811351,1.032745,1.063964,0.790785,LeftArmsJoint,0.000309,1.046421667,1.060381667,0.802786667
436,436,549,460,44,1.431894,1.03085,0.484156,1.443215,1.103868,0.478863,1.453739,1.043517,0.520824,R.Back_thigh,0.00157,1.442949333,1.059411667,0.494614333
437,437,286,455,411,1.177867,1.538628,0.490723,1.197139,1.566561,0.471239,1.16672,1.568646,0.471551,L.foreleg,0.000534,1.180575333,1.557945,0.477837667
438,438,433,408,542,1.058421,1.127332,0.789107,1.081615,1.123536,0.784518,1.084263,1.143181,0.780812,L.Fore_arm,0.000241,1.074766333,1.131349667,0.784812333
439,439,177,297,426,1.514547,1.051011,0.955168,1.508133,1.007994,1.061875,1.524049,0.993998,1.053043,R.Upper_arm,0.0013,1.515576333,1.017667667,1.023362
440,440,535,120,395,1.117291,1.426734,0.527142,1.102518,1.281609,0.527852,1.10143,1.222305,0.559447,L.Back_thigh,0.00231,1.107079667,1.310216,0.538147
441,441,508,550,462,1.516847,1.21256,0.592586,1.519313,1.199955,0.609406,1.515558,1.205426,0.612354,R.Hand,7.55e-05,1.517239333,1.205980333,0.604782
442,442,551,156,260,1.22774,1.505116,0.534389,1.19921,1.515618,0.554551,1.218147,1.493031,0.548167,LeftLegsJoint,0.000312,1.215032333,1.504588333,0.545702333
443,443,552,308,83,1.455919,1.417982,0.501643,1.45757,1.421584,0.530425,1.466457,1.292133,0.516354,R.Back_thigh,0.00185,1.459982,1.377233,0.516140667
444,444,594,115,386,1.548702,1.235229,0.529101,1.561878,1.242912,0.517713,1.549279,1.217754,0.560236,R.Hand,0.00024,1.553286333,1.231965,0.535683333
445,445,83,553,552,1.466457,1.292133,0.516354,1.458775,1.304886,0.495844,1.455919,1.417982,0.501643,R.Back_thigh,0.00127,1.460383667,1.338333667,0.504613667
446,446,555,503,477,1.133721,1.660516,0.219218,1.126531,1.680865,0.1776,1.119376,1.635698,0.226856,L.foreleg,0.000595,1.126542667,1.659026333,0.207891333
447,447,612,87,89,1.4623,1.060604,0.758094,1.462271,1.082984,0.764449,1.46598,1.07775,0.747465,RightArmsJoint,0.000179,1.463517,1.073779333,0.756669333
448,448,169,168,557,1.23463,1.372036,0.48234,1.238791,1.427306,0.511614,1.24465,1.312964,0.495741,L.Back_thigh,0.0013,1.239357,1.370768667,0.496565
449,449,125,446,223,1.135182,1.470608,0.518369,1.131796,1.490266,0.51451,1.138661,1.472142,0.490302,LeftLegsJoint,0.000281,1.135213,1.477672,0.507727
450,450,257,279,545,1.358601,0.939021,1.128712,1.343174,0.910997,1.130999,1.468815,0.955894,1.099685,R.Side_back,0.00147,1.390196667,0.935304,1.119798667
451,451,111,269,507,1.544475,1.2338,0.642578,1.565234,1.229121,0.639067,1.570582,1.272519,0.630076,R.Hand,0.00048,1.560097,1.245146667,0.637240333
452,452,393,507,208,1.573561,1.294071,0.608979,1.570582,1.272519,0.630076,1.598712,1.314907,0.580412,R.Hand,0.000339,1.580951667,1.293832333,0.606489
453,453,406,230,354,1.134778,0.903639,1.035053,1.11117,0.911913,1.076542,1.092308,0.917684,1.031041,L.Upper_arm,0.000978,1.112752,0.911078667,1.047545333
454,454,79,421,406,1.155425,0.908235,0.950226,1.16661,0.885231,1.019741,1.134778,0.903639,1.035053,L.Side_back,0.00147,1.152271,0.899035,1.001673333
455,455,302,558,497,1.407586,0.975561,0.5749,1.421526,1.010343,0.70066,1.413057,0.986071,0.706641,Back_side,0.00173,1.414056333,0.990658333,0.660733667
456,456,214,216,231,1.541493,0.997755,0.900112,1.535797,1.033274,0.800159,1.54195,1.056984,0.807955,R.Upper_arm,0.00137,1.539746667,1.029337667,0.836075333
457,457,157,471,233,1.456983,0.936674,0.988579,1.48104,0.932288,0.984613,1.457658,0.912709,1.008771,R.Upper_arm,0.000388,1.465227,0.927223667,0.993987667
458,458,521,559,373,1.186728,1.001294,1.113755,1.175244,0.959805,1.122763,1.247318,0.983497,1.127352,L.Side_chest,0.00142,1.203096667,0.981532,1.12129
459,459,433,560,459,1.058421,1.127332,0.789107,1.039131,1.117788,0.780058,1.033441,1.111796,0.791988,LeftArmsJoint,0.000167,1.043664333,1.118972,0.787051
460,460,524,423,529,1.236371,1.516784,0.446894,1.226647,1.548578,0.459755,1.213995,1.513714,0.47818,L.foreleg,0.000636,1.225671,1.526358667,0.461609667
461,461,168,152,430,1.238791,1.427306,0.511614,1.226402,1.426874,0.555411,1.255495,1.222874,0.550234,L.front_thigh,0.00468,1.240229333,1.359018,0.539086333
462,462,548,355,409,1.032745,1.063964,0.790785,1.065109,1.048742,0.790732,1.065071,1.051719,0.806224,LeftArmsJoint,0.000281,1.054308333,1.054808333,0.795913667
463,463,447,561,399,1.300051,1.015702,1.12194,1.227345,1.033046,1.100173,1.265431,1.004003,1.12458,L.Side_chest,0.000872,1.264275667,1.017583667,1.115564333
464,464,534,544,279,1.423383,0.902557,1.084461,1.470573,0.931392,1.088673,1.343174,0.910997,1.130999,R.Side_back,0.00197,1.412376667,0.914982,1.101377667
465,465,468,467,502,1.149717,1.699058,0.179102,1.15925,1.720154,0.168731,1.129653,1.712317,0.166635,L.foreleg,0.000326,1.146206667,1.710509667,0.171489333
466,466,384,50,104,1.08613,1.010922,1.070184,1.066239,0.97894,1.064687,1.0976,0.980007,1.100943,L.Upper_arm,0.000806,1.083323,0.989956333,1.078604667
467,467,399,561,521,1.265431,1.004003,1.12458,1.227345,1.033046,1.100173,1.186728,1.001294,1.113755,L.Side_chest,0.00143,1.226501333,1.012781,1.112836
468,468,562,493,235,1.344054,1.110902,0.833084,1.368274,1.099031,0.788876,1.359846,1.111505,0.703387,R.Side_chest,0.00145,1.357391333,1.107146,0.775115667
469,469,566,372,636,1.349982,0.907912,1.31963,1.340158,0.929053,1.359229,1.317488,0.911937,1.343784,Crown,0.000641,1.335876,0.916300667,1.340881
470,470,432,543,10,1.030704,1.335321,0.5639,1.053971,1.367128,0.534896,1.019276,1.321652,0.559404,L.Hand,0.000348,1.034650333,1.341367,0.552733333
471,471,473,151,150,1.234563,1.174452,0.589803,1.247536,1.205346,0.576859,1.222357,1.195241,0.609395,L.front_thigh,0.000546,1.234818667,1.191679667,0.592019
472,472,563,156,551,1.210707,1.531825,0.527362,1.19921,1.515618,0.554551,1.22774,1.505116,0.534389,LeftLegsJoint,0.000503,1.212552333,1.517519667,0.538767333
473,473,407,373,559,1.23965,0.946279,1.13099,1.247318,0.983497,1.127352,1.175244,0.959805,1.122763,L.Side_chest,0.00127,1.220737333,0.963193667,1.127035
474,474,537,564,565,1.337381,1.422888,0.506657,1.361437,1.434552,0.480633,1.353531,1.417392,0.473194,R.Back_thigh,0.000366,1.350783,1.424944,0.486828
475,475,566,61,372,1.349982,0.907912,1.31963,1.368311,0.939487,1.339588,1.340158,0.929053,1.359229,Crown,0.000711,1.352817,0.925484,1.339482333
476,476,345,44,460,1.466357,1.09921,0.527475,1.453739,1.043517,0.520824,1.443215,1.103868,0.478863,R.Back_thigh,0.00154,1.454437,1.082198333,0.509054
477,477,561,447,492,1.227345,1.033046,1.100173,1.300051,1.015702,1.12194,1.313956,1.051918,1.087766,L.Side_chest,0.002,1.280450667,1.033555333,1.103293
478,478,230,282,568,1.11117,0.911913,1.076542,1.090188,0.950361,1.092627,1.085015,0.924394,1.065218,L.Upper_arm,0.00059,1.095457667,0.928889333,1.078129
479,479,215,569,216,1.527036,0.976568,0.90266,1.515145,1.019163,0.789313,1.535797,1.033274,0.800159,R.Upper_arm,0.0016,1.525992667,1.009668333,0.830710667
480,480,585,87,533,1.465882,1.081425,0.779623,1.462271,1.082984,0.764449,1.464636,1.057662,0.776706,RightArmsJoint,0.000188,1.464263,1.074023667,0.773592667
481,481,235,510,165,1.359846,1.111505,0.703387,1.324303,1.143509,0.613699,1.306071,1.123694,0.702931,Pelvis,0.00255,1.330073333,1.126236,0.673339
482,482,417,396,482,1.138056,1.244767,0.601378,1.107828,1.085392,0.598209,1.145559,1.074817,0.630706,L.front_thigh,0.00412,1.130481,1.134992,0.610097667
483,483,354,230,568,1.092308,0.917684,1.031041,1.11117,0.911913,1.076542,1.085015,0.924394,1.065218,L.Upper_arm,0.000551,1.096164333,0.917997,1.057600333
484,484,355,548,546,1.065109,1.048742,0.790732,1.032745,1.063964,0.790785,1.041919,1.059015,0.779901,LeftArmsJoint,0.000195,1.046591,1.057240333,0.787139333
485,485,233,334,157,1.457658,0.912709,1.008771,1.425545,0.91022,0.921151,1.456983,0.936674,0.988579,R.Side_back,0.00118,1.446728667,0.919867667,0.972833667
486,486,570,312,227,1.452928,1.014986,0.935017,1.453158,1.010723,0.996351,1.46355,1.02076,1.005414,R.Upper_arm,0.000457,1.456545333,1.015489667,0.978927333
487,487,56,380,225,1.398723,1.540389,0.52501,1.386133,1.523592,0.552159,1.41877,1.521065,0.552904,RightLegsJoint,0.000534,1.401208667,1.528348667,0.543357667
488,488,231,611,175,1.54195,1.056984,0.807955,1.52353,1.070639,0.797183,1.518843,1.090655,0.820841,R.Upper_arm,0.000394,1.528107667,1.072759333,0.808659667
489,489,284,472,420,1.291792,0.897057,1.139586,1.262958,0.905693,1.132617,1.200578,0.884642,1.070613,L.Side_back,0.00095,1.251776,0.895797333,1.114272
490,490,351,540,476,1.13457,1.622537,0.13777,1.136627,1.604149,0.175726,1.119478,1.572388,0.262511,L.foreleg,0.000496,1.130225,1.599691333,0.192002333
491,491,435,551,260,1.224452,1.470806,0.533888,1.22774,1.505116,0.534389,1.218147,1.493031,0.548167,LeftLegsJoint,0.000281,1.223446333,1.489651,0.538814667
492,492,43,549,44,1.425686,0.987806,0.513746,1.431894,1.03085,0.484156,1.453739,1.043517,0.520824,R.Back_thigh,0.00115,1.437106333,1.020724333,0.506242
493,493,502,526,503,1.129653,1.712317,0.166635,1.104209,1.719271,0.143406,1.126531,1.680865,0.1776,L.foreleg,0.000554,1.120131,1.704151,0.162547
494,494,860,191,192,1.216663,0.906131,0.873477,1.216862,0.875398,0.97286,1.171206,0.889464,0.967905,L.Side_back,0.00245,1.201577,0.890331,0.938080667
495,495,34,60,400,1.261686,1.034804,1.358029,1.304334,1.066352,1.343363,1.247511,1.04984,1.325245,Crown,0.00105,1.271177,1.050332,1.342212333
496,496,339,573,217,1.067828,1.328984,0.533389,1.089396,1.36057,0.531686,1.05627,1.361874,0.543358,L.Hand,0.000577,1.071164667,1.350476,0.536144333
497,497,550,574,496,1.519313,1.199955,0.609406,1.521294,1.210835,0.57653,1.531728,1.188728,0.609176,R.Hand,0.000287,1.524111667,1.199839333,0.598370667
498,498,108,420,472,1.154041,0.906163,1.089472,1.200578,0.884642,1.070613,1.262958,0.905693,1.132617,L.Side_back,0.00239,1.205859,0.898832667,1.097567333
499,499,106,294,146,1.183454,1.098557,0.699703,1.21382,1.112033,0.708035,1.205186,1.120122,0.638731,Pelvis,0.00115,1.20082,1.110237333,0.682156333
500,500,575,576,336,1.321774,1.1487,0.528829,1.316271,1.135566,0.512757,1.330677,1.144517,0.55675,Pelvis,0.000228,1.322907333,1.142927667,0.532778667
501,501,559,472,407,1.175244,0.959805,1.122763,1.262958,0.905693,1.132617,1.23965,0.946279,1.13099,L.Side_back,0.00116,1.225950667,0.937259,1.12879
502,502,40,611,231,1.522258,1.046193,0.788565,1.52353,1.070639,0.797183,1.54195,1.056984,0.807955,R.Upper_arm,0.00031,1.529246,1.057938667,0.797901
503,503,370,186,534,1.311991,0.895927,1.133797,1.39331,0.877405,1.041829,1.423383,0.902557,1.084461,R.Side_back,0.00346,1.376228,0.891963,1.086695667
504,504,456,578,455,1.195252,1.622325,0.291752,1.156046,1.622723,0.331603,1.197139,1.566561,0.471239,L.foreleg,0.00389,1.182812333,1.603869667,0.364864667
505,505,360,525,579,1.361908,1.477926,0.553309,1.356029,1.512419,0.534653,1.348355,1.490526,0.525069,RightLegsJoint,0.000421,1.355430667,1.493623667,0.537677
506,506,539,174,19,1.059833,1.298808,0.494857,1.038846,1.273988,0.525983,1.02451,1.298628,0.539916,L.Hand,0.000711,1.041063,1.290474667,0.520252
507,507,380,525,291,1.386133,1.523592,0.552159,1.356029,1.512419,0.534653,1.375616,1.501619,0.561696,RightLegsJoint,0.000436,1.372592667,1.512543333,0.549502667
508,508,552,553,580,1.455919,1.417982,0.501643,1.458775,1.304886,0.495844,1.440936,1.35996,0.473705,R.Back_thigh,0.00169,1.451876667,1.360942667,0.490397333
509,509,62,554,267,1.344673,1.422879,0.5478,1.335886,1.420806,0.523208,1.317213,1.264715,0.546893,R.front_thigh,0.00208,1.332590667,1.369466667,0.539300333
510,510,257,545,428,1.358601,0.939021,1.128712,1.468815,0.955894,1.099685,1.431691,0.977284,1.111573,R.Side_back,0.00155,1.419702333,0.957399667,1.113323333
511,511,114,325,326,1.099312,1.050647,0.540586,1.117383,1.005541,0.52499,1.107662,1.019947,0.578604,L.Back_thigh,0.00117,1.108119,1.025378333,0.54806
512,512,522,471,157,1.45961,0.968878,0.956771,1.48104,0.932288,0.984613,1.456983,0.936674,0.988579,R.Upper_arm,0.000561,1.465877667,0.945946667,0.976654333
513,513,54,495,39,1.383552,0.986872,1.33565,1.374805,1.040208,1.301661,1.368959,1.030397,1.341319,Crown,0.000953,1.375772,1.019159,1.32621
514,514,581,370,284,1.314298,0.874612,1.064482,1.311991,0.895927,1.133797,1.291792,0.897057,1.139586,L.Side_back,0.000726,1.306027,0.889198667,1.112621667
515,515,528,146,583,1.198648,1.111973,0.622903,1.205186,1.120122,0.638731,1.212765,1.12988,0.603438,Pelvis,0.000282,1.205533,1.120658333,0.621690667
516,516,387,288,80,1.163976,0.983695,0.752091,1.164399,0.980631,0.691714,1.174248,0.96933,0.761873,L.Side_back,0.000547,1.167541,0.977885333,0.735226
517,517,584,448,466,1.482037,1.098598,0.786192,1.477119,1.076031,0.797354,1.505184,1.086059,0.800951,RightArmsJoint,0.000349,1.488113333,1.086896,0.794832333
518,518,448,584,585,1.477119,1.076031,0.797354,1.482037,1.098598,0.786192,1.465882,1.081425,0.779623,RightArmsJoint,0.000245,1.475012667,1.085351333,0.787723
519,519,27,485,25,1.042595,1.337315,0.587271,1.06191,1.290081,0.637536,1.07814,1.280958,0.627868,L.Hand,0.00074,1.060881667,1.302784667,0.617558333
520,520,491,428,586,1.395292,1.023403,1.097697,1.431691,0.977284,1.111573,1.459624,0.99651,1.093721,R.Side_chest,0.00116,1.428869,0.999065667,1.100997
521,521,319,266,613,1.161855,1.056795,0.783447,1.158939,0.992356,0.789482,1.144722,1.014106,0.952586,L.Side_back,0.00535,1.155172,1.021085667,0.841838333
522,522,655,673,59,1.289196,0.925683,1.360905,1.298651,0.934529,1.368549,1.263653,0.956672,1.366559,Crown,0.000303,1.283833333,0.938961333,1.365337667
523,523,476,475,351,1.119478,1.572388,0.262511,1.118678,1.660219,0.156933,1.13457,1.622537,0.13777,L.foreleg,0.00303,1.124242,1.618381333,0.185738
524,524,249,313,67,1.127909,1.490659,0.427582,1.161,1.470521,0.41516,1.136888,1.48024,0.448504,L.foreleg,0.000494,1.141932333,1.480473333,0.430415333
525,525,589,171,173,1.033478,1.10005,0.754479,1.038402,1.094533,0.740471,1.052578,1.087745,0.749081,L.Fore_arm,0.000142,1.041486,1.094109333,0.748010333
526,526,542,512,499,1.084263,1.143181,0.780812,1.099777,1.111902,0.761577,1.096587,1.144153,0.761015,L.Fore_arm,0.000378,1.093542333,1.133078667,0.767801333
527,527,512,590,500,1.099777,1.111902,0.761577,1.099764,1.108256,0.748752,1.103127,1.120269,0.740841,L.Fore_arm,9.42e-05,1.100889333,1.113475667,0.75039
528,528,555,412,578,1.133721,1.660516,0.219218,1.129698,1.612288,0.330076,1.156046,1.622723,0.331603,L.foreleg,0.0017,1.139821667,1.631842333,0.293632333
529,529,439,591,32,1.587382,1.255931,0.617548,1.574738,1.239344,0.580348,1.60541,1.285538,0.55214,R.Hand,0.00133,1.589176667,1.260271,0.583345333
530,530,533,592,494,1.464636,1.057662,0.776706,1.473831,1.042358,0.772545,1.471916,1.057497,0.789041,RightArmsJoint,0.000131,1.470127667,1.052505667,0.779430667
531,531,294,163,509,1.21382,1.112033,0.708035,1.267185,1.124033,0.706624,1.261189,1.149064,0.61251,Pelvis,0.00267,1.247398,1.128376667,0.675723
532,532,199,56,225,1.436944,1.524839,0.512042,1.398723,1.540389,0.52501,1.41877,1.521065,0.552904,RightLegsJoint,0.000776,1.418145667,1.528764333,0.529985333
533,533,559,109,472,1.175244,0.959805,1.122763,1.131869,0.930195,1.1027,1.262958,0.905693,1.132617,L.Side_back,0.00265,1.190023667,0.931897667,1.11936
534,534,590,458,593,1.099764,1.108256,0.748752,1.094355,1.106576,0.76616,1.09172,1.098869,0.754043,L.Fore_arm,9.71e-05,1.095279667,1.104567,0.756318333
535,535,571,446,429,1.135639,1.514698,0.504806,1.131796,1.490266,0.51451,1.133847,1.500633,0.530655,LeftLegsJoint,0.000251,1.133760667,1.501865667,0.516657
536,536,223,446,571,1.138661,1.472142,0.490302,1.131796,1.490266,0.51451,1.135639,1.514698,0.504806,LeftLegsJoint,0.000402,1.135365333,1.492368667,0.503206
537,537,466,175,611,1.505184,1.086059,0.800951,1.518843,1.090655,0.820841,1.52353,1.070639,0.797183,R.Upper_arm,0.000293,1.515852333,1.082451,0.806325
538,538,405,492,491,1.418039,1.047229,1.060859,1.313956,1.051918,1.087766,1.395292,1.023403,1.097697,R.Side_chest,0.00211,1.375762333,1.04085,1.082107333
539,539,558,239,437,1.421526,1.010343,0.70066,1.420861,1.015174,0.65617,1.422099,1.033689,0.697893,Back_side,0.000513,1.421495333,1.019735333,0.684907667
540,540,594,487,607,1.548702,1.235229,0.529101,1.528702,1.241787,0.553241,1.541178,1.248291,0.535309,R.Hand,0.000176,1.539527333,1.241769,0.539217
541,541,416,595,364,1.137918,1.011621,1.012282,1.134012,1.013356,0.993376,1.126914,1.023168,1.012739,L.Upper_arm,0.000152,1.132948,1.016048333,1.006132333
542,542,596,466,134,1.508298,1.102198,0.786291,1.505184,1.086059,0.800951,1.529586,1.090964,0.78131,RightArmsJoint,0.00027,1.514356,1.093073667,0.789517333
543,543,326,396,478,1.107662,1.019947,0.578604,1.107828,1.085392,0.598209,1.096436,1.07867,0.564664,L.front_thigh,0.0011,1.103975333,1.061336333,0.580492333
544,544,592,533,612,1.473831,1.042358,0.772545,1.464636,1.057662,0.776706,1.4623,1.060604,0.758094,RightArmsJoint,0.000174,1.466922333,1.053541333,0.769115
545,545,433,542,597,1.058421,1.127332,0.789107,1.084263,1.143181,0.780812,1.055987,1.148717,0.78388,L.Fore_arm,0.000309,1.066223667,1.139743333,0.784599667
546,546,560,433,598,1.039131,1.117788,0.780058,1.058421,1.127332,0.789107,1.039276,1.141671,0.779941,L.Fore_arm,0.000254,1.045609333,1.128930333,0.783035333
547,547,156,599,162,1.19921,1.515618,0.554551,1.182267,1.537721,0.535634,1.173619,1.516416,0.556117,LeftLegsJoint,0.000377,1.185032,1.523251667,0.548767333
548,548,59,82,588,1.263653,0.956672,1.366559,1.234939,0.95866,1.340174,1.264941,0.928797,1.350103,Crown,0.000609,1.254511,0.948043,1.352278667
549,549,269,439,438,1.565234,1.229121,0.639067,1.587382,1.255931,0.617548,1.584039,1.270389,0.625173,R.Hand,0.000333,1.578885,1.251813667,0.627262667
550,550,600,375,413,1.044855,1.249585,0.650598,1.064304,1.252179,0.648483,1.035748,1.247715,0.641632,L.Fore_arm,9.8e-05,1.048302333,1.249826333,0.646904333
551,551,477,503,475,1.119376,1.635698,0.226856,1.126531,1.680865,0.1776,1.118678,1.660219,0.156933,L.foreleg,0.00102,1.121528333,1.658927333,0.187129667
552,552,19,10,601,1.02451,1.298628,0.539916,1.019276,1.321652,0.559404,1.037871,1.348887,0.532682,L.Hand,0.00065,1.027219,1.323055667,0.544000667
553,553,112,440,259,1.508034,1.129122,0.762922,1.524652,1.225189,0.639614,1.478968,1.12285,0.748478,R.Fore_arm,0.00257,1.503884667,1.159053667,0.717004667
554,554,436,24,496,1.473786,1.092674,0.713071,1.470161,1.112452,0.725335,1.531728,1.188728,0.609176,R.Fore_arm,0.00179,1.491891667,1.131284667,0.682527333
555,555,182,215,180,1.488119,0.909949,1.028972,1.527036,0.976568,0.90266,1.512618,0.923423,1.025604,R.Upper_arm,0.00175,1.509257667,0.936646667,0.985745333
556,556,67,313,479,1.136888,1.48024,0.448504,1.161,1.470521,0.41516,1.172248,1.46163,0.43981,L.foreleg,0.000556,1.156712,1.470797,0.434491333
557,557,602,435,603,1.234002,1.486802,0.509327,1.224452,1.470806,0.533888,1.229785,1.471226,0.508237,LeftLegsJoint,0.000212,1.229413,1.476278,0.517150667
558,558,402,298,306,1.370037,0.946394,0.558842,1.309121,0.93282,0.560027,1.377956,0.954415,0.519655,Back_side,0.00123,1.352371333,0.944543,0.546174667
559,559,599,190,162,1.182267,1.537721,0.535634,1.156585,1.516427,0.551186,1.173619,1.516416,0.556117,LeftLegsJoint,0.000272,1.170823667,1.523521333,0.547645667
560,560,422,581,284,1.25039,0.871009,1.049612,1.314298,0.874612,1.064482,1.291792,0.897057,1.139586,L.Side_back,0.00268,1.285493333,0.880892667,1.08456
561,561,362,648,453,1.086603,1.315011,0.512477,1.089129,1.366802,0.525484,1.096892,1.325458,0.51227,L.Hand,0.000272,1.090874667,1.335757,0.516743667
562,562,152,604,538,1.226402,1.426874,0.555411,1.208392,1.457784,0.534034,1.177146,1.460035,0.552255,L.front_thigh,0.000745,1.20398,1.448231,0.547233333
563,563,18,261,16,1.423327,1.422938,0.573641,1.442464,1.42086,0.561183,1.414067,1.452031,0.550837,R.front_thigh,0.000436,1.426619333,1.431943,0.561887
564,564,605,366,365,1.095766,1.08135,0.815613,1.094173,1.10049,0.84485,1.111443,1.080839,0.836666,L.Upper_arm,0.000356,1.100460667,1.087559667,0.832376333
565,565,443,106,572,1.15626,1.06364,0.709369,1.183454,1.098557,0.699703,1.169031,1.079229,0.668866,Pelvis,0.000799,1.169581667,1.080475333,0.692646
566,566,601,606,19,1.037871,1.348887,0.532682,1.043802,1.334926,0.516062,1.02451,1.298628,0.539916,L.Hand,0.000535,1.035394333,1.327480333,0.529553333
567,567,10,543,601,1.019276,1.321652,0.559404,1.053971,1.367128,0.534896,1.037871,1.348887,0.532682,L.Hand,0.000365,1.037039333,1.345889,0.542327333
568,568,76,878,876,1.10404,0.937016,0.992147,1.089834,0.97606,0.916621,1.100502,0.979442,0.917386,L.Upper_arm,0.000482,1.098125333,0.964172667,0.942051333
569,569,607,487,15,1.541178,1.248291,0.535309,1.528702,1.241787,0.553241,1.546105,1.25587,0.528295,R.Hand,5.49e-05,1.538661667,1.248649333,0.538948333
570,570,551,435,602,1.22774,1.505116,0.534389,1.224452,1.470806,0.533888,1.234002,1.486802,0.509327,LeftLegsJoint,0.000449,1.228731333,1.487574667,0.525868
571,571,490,608,467,1.178201,1.710512,0.162035,1.171376,1.753275,0.157082,1.15925,1.720154,0.168731,L.foreleg,0.000414,1.169609,1.727980333,0.162616
572,572,120,535,609,1.102518,1.281609,0.527852,1.117291,1.426734,0.527142,1.108684,1.352173,0.52041,L.Back_thigh,0.000523,1.109497667,1.353505333,0.525134667
573,573,503,555,468,1.126531,1.680865,0.1776,1.133721,1.660516,0.219218,1.149717,1.699058,0.179102,L.foreleg,0.000688,1.136656333,1.680146333,0.191973333
574,574,577,468,555,1.158488,1.66549,0.223907,1.149717,1.699058,0.179102,1.133721,1.660516,0.219218,L.foreleg,0.000716,1.147308667,1.675021333,0.207409
575,575,50,49,282,1.066239,0.97894,1.064687,1.06472,0.950444,1.051057,1.090188,0.950361,1.092627,L.Upper_arm,0.000709,1.073715667,0.959915,1.069457
576,576,46,22,62,1.352915,1.359781,0.575678,1.371272,1.425906,0.572124,1.344673,1.422879,0.5478,R.front_thigh,0.00121,1.356286667,1.402855333,0.565200667
577,577,20,75,636,1.326946,0.951486,1.372965,1.312915,0.950532,1.374356,1.317488,0.911937,1.343784,Crown,0.000348,1.319116333,0.937985,1.363701667
578,578,610,354,568,1.076785,0.928993,1.035627,1.092308,0.917684,1.031041,1.085015,0.924394,1.065218,L.Upper_arm,0.000306,1.084702667,0.923690333,1.043962
579,579,548,589,546,1.032745,1.063964,0.790785,1.033478,1.10005,0.754479,1.041919,1.059015,0.779901,LeftArmsJoint,0.000369,1.036047333,1.074343,0.775055
580,580,87,612,533,1.462271,1.082984,0.764449,1.4623,1.060604,0.758094,1.464636,1.057662,0.776706,RightArmsJoint,0.000219,1.463069,1.067083333,0.766416333
581,581,357,97,325,1.120579,1.003408,0.516254,1.129748,0.98249,0.536001,1.117383,1.005541,0.52499,L.Back_thigh,0.000135,1.12257,0.997146333,0.525748333
582,582,541,238,240,1.369971,1.113202,0.636432,1.416252,1.061648,0.678036,1.396857,1.057903,0.627763,Pelvis,0.00168,1.39436,1.077584333,0.647410333
583,583,185,866,871,1.397699,0.879327,0.965097,1.376644,0.903281,0.871684,1.405479,0.924573,0.849716,R.Side_back,0.00183,1.393274,0.902393667,0.895499
584,584,180,215,137,1.512618,0.923423,1.025604,1.527036,0.976568,0.90266,1.527313,0.941463,1.036607,R.Upper_arm,0.00173,1.522322333,0.947151333,0.988290333
585,585,187,366,605,1.074555,1.101272,0.82797,1.094173,1.10049,0.84485,1.095766,1.08135,0.815613,L.Upper_arm,0.000394,1.088164667,1.094370667,0.829477667
586,586,588,655,59,1.264941,0.928797,1.350103,1.289196,0.925683,1.360905,1.263653,0.956672,1.366559,Crown,0.000432,1.272596667,0.937050667,1.359189
587,587,52,400,614,1.239203,1.001803,1.352604,1.247511,1.04984,1.325245,1.228698,1.030674,1.305525,Crown,0.000892,1.238470667,1.027439,1.327791333
588,588,611,134,466,1.52353,1.070639,0.797183,1.529586,1.090964,0.78131,1.505184,1.086059,0.800951,RightArmsJoint,0.000313,1.519433333,1.082554,0.793148
589,589,466,596,584,1.505184,1.086059,0.800951,1.508298,1.102198,0.786291,1.482037,1.098598,0.786192,RightArmsJoint,0.000284,1.498506333,1.095618333,0.791144667
590,590,563,599,156,1.210707,1.531825,0.527362,1.182267,1.537721,0.535634,1.19921,1.515618,0.554551,LeftLegsJoint,0.000454,1.197394667,1.528388,0.539182333
591,591,615,505,349,1.130804,1.642323,0.074957,1.150556,1.62308,0.076319,1.127371,1.631702,0.103643,L.foot,0.000416,1.136243667,1.632368333,0.084973
592,592,454,336,576,1.299948,1.150332,0.561079,1.330677,1.144517,0.55675,1.316271,1.135566,0.512757,Pelvis,0.000738,1.315632,1.143471667,0.543528667
593,593,616,590,593,1.09114,1.096021,0.742593,1.099764,1.108256,0.748752,1.09172,1.098869,0.754043,L.Fore_arm,7.81e-05,1.094208,1.101048667,0.748462667
594,594,314,859,335,1.418788,1.023457,0.723678,1.419103,1.038512,0.792057,1.408077,0.97357,0.740563,R.Side_back,0.00187,1.415322667,1.011846333,0.752099333
595,595,480,640,81,1.187876,0.956607,0.700956,1.213163,0.945837,0.699916,1.18911,0.949723,0.77289,L.Side_back,0.000994,1.196716333,0.950722333,0.724587333
596,596,50,384,98,1.066239,0.97894,1.064687,1.08613,1.010922,1.070184,1.057982,1.048481,0.971649,L.Upper_arm,0.00208,1.070117,1.012781,1.035506667
597,597,617,618,343,1.358427,1.124304,0.60535,1.3812,1.092612,0.622873,1.365799,1.158916,0.61769,R.front_thigh,0.000718,1.368475333,1.125277333,0.615304333
598,598,576,441,454,1.316271,1.135566,0.512757,1.254626,1.142126,0.529252,1.299948,1.150332,0.561079,Pelvis,0.00141,1.290281667,1.142674667,0.534362667
599,599,343,618,240,1.365799,1.158916,0.61769,1.3812,1.092612,0.622873,1.396857,1.057903,0.627763,R.front_thigh,0.000262,1.381285333,1.103143667,0.622775333
600,600,594,386,315,1.548702,1.235229,0.529101,1.549279,1.217754,0.560236,1.537798,1.222047,0.55062,R.Hand,0.000203,1.545259667,1.22501,0.546652333
601,601,42,134,611,1.535539,1.069956,0.782185,1.529586,1.090964,0.78131,1.52353,1.070639,0.797183,RightArmsJoint,0.000207,1.529551667,1.077186333,0.786892667
602,602,592,619,183,1.473831,1.042358,0.772545,1.484848,1.033386,0.767705,1.499503,1.034001,0.783213,RightArmsJoint,0.000155,1.486060667,1.036581667,0.774487667
603,603,65,177,226,1.484179,1.022644,1.056266,1.514547,1.051011,0.955168,1.484436,1.030355,1.022763,R.Upper_arm,0.000516,1.494387333,1.03467,1.011399
604,604,620,624,218,1.158143,0.964298,0.555083,1.137218,0.974634,0.532699,1.178312,0.969635,0.49816,L.Back_thigh,0.000869,1.157891,0.969522333,0.528647333
605,605,621,544,534,1.463841,0.915037,1.073425,1.470573,0.931392,1.088673,1.423383,0.902557,1.084461,R.Side_back,0.000487,1.452599,0.916328667,1.082186333
606,606,501,27,70,1.047622,1.290828,0.63703,1.042595,1.337315,0.587271,1.035196,1.310724,0.615632,L.Hand,0.00035,1.041804333,1.312955667,0.613311
607,607,585,584,88,1.465882,1.081425,0.779623,1.482037,1.098598,0.786192,1.470874,1.096914,0.766343,RightArmsJoint,0.000222,1.472931,1.092312333,0.777386
608,608,556,496,574,1.541795,1.199928,0.582252,1.531728,1.188728,0.609176,1.521294,1.210835,0.57653,R.Hand,0.000367,1.531605667,1.199830333,0.589319333
609,609,622,294,105,1.246733,1.116903,0.819264,1.21382,1.112033,0.708035,1.201881,1.099723,0.783003,L.Side_chest,0.00209,1.220811333,1.109553,0.770100667
610,610,561,116,521,1.227345,1.033046,1.100173,1.139072,1.010019,1.091476,1.186728,1.001294,1.113755,L.Side_chest,0.00125,1.184381667,1.014786333,1.101801333
611,611,82,52,623,1.234939,0.95866,1.340174,1.239203,1.001803,1.352604,1.222574,0.984918,1.303124,Crown,0.00102,1.232238667,0.981793667,1.331967333
612,612,518,517,527,1.189945,1.64941,0.147707,1.19353,1.646354,0.09537,1.185844,1.708555,0.13915,L.foot,0.00157,1.189773,1.668106333,0.127409
613,613,357,624,97,1.120579,1.003408,0.516254,1.137218,0.974634,0.532699,1.129748,0.98249,0.536001,L.Back_thigh,0.000149,1.129181667,0.986844,0.528318
614,614,62,361,554,1.344673,1.422879,0.5478,1.371688,1.459596,0.532223,1.335886,1.420806,0.523208,R.front_thigh,0.00063,1.350749,1.434427,0.534410333
615,615,429,190,625,1.133847,1.500633,0.530655,1.156585,1.516427,0.551186,1.1554,1.53509,0.520633,LeftLegsJoint,0.000591,1.148610667,1.517383333,0.534158
616,616,571,66,223,1.135639,1.514698,0.504806,1.145404,1.501641,0.478292,1.138661,1.472142,0.490302,LeftLegsJoint,0.000507,1.139901333,1.496160333,0.491133333
617,617,366,874,875,1.094173,1.10049,0.84485,1.076873,1.060278,0.959495,1.111517,1.059529,0.933789,L.Upper_arm,0.00198,1.094187667,1.073432333,0.912711333
618,618,622,164,163,1.246733,1.116903,0.819264,1.295316,1.123601,0.801719,1.267185,1.124033,0.706624,L.Side_chest,0.00258,1.269744667,1.121512333,0.775869
619,619,481,300,299,1.198548,0.950999,0.660762,1.221307,0.937758,0.562902,1.245484,0.940881,0.654791,Back_side,0.00228,1.221779667,0.943212667,0.626151667
620,620,626,506,486,1.254173,1.109435,0.898931,1.192303,1.080771,0.989354,1.222547,1.070513,1.051764,L.Side_chest,0.00341,1.223007667,1.086906333,0.980016333
621,621,400,60,627,1.247511,1.04984,1.325245,1.304334,1.066352,1.343363,1.293512,1.106711,1.250159,Head,0.00305,1.281785667,1.074301,1.306255667
622,622,247,153,319,1.145202,1.030574,1.044708,1.165981,1.064576,1.005306,1.161855,1.056795,0.783447,L.Side_chest,0.00459,1.157679333,1.050648333,0.944487
623,623,250,476,101,1.124609,1.523118,0.33502,1.119478,1.572388,0.262511,1.145097,1.567681,0.220566,L.foreleg,0.00171,1.129728,1.554395667,0.272699
624,624,628,465,464,1.072449,1.236544,0.561909,1.075531,1.22437,0.580352,1.061238,1.23848,0.557972,L.Hand,0.000117,1.069739333,1.233131333,0.566744333
625,625,629,22,17,1.408148,1.456507,0.552321,1.371272,1.425906,0.572124,1.392885,1.426295,0.578916,R.front_thigh,0.000481,1.390768333,1.436236,0.567787
626,626,597,600,598,1.055987,1.148717,0.78388,1.044855,1.249585,0.650598,1.039276,1.141671,0.779941,L.Fore_arm,0.00155,1.046706,1.179991,0.738139667
627,627,492,405,342,1.313956,1.051918,1.087766,1.418039,1.047229,1.060859,1.331461,1.076424,1.041211,R.Side_chest,0.00259,1.354485333,1.058523667,1.063278667
628,628,570,227,204,1.452928,1.014986,0.935017,1.46355,1.02076,1.005414,1.464295,1.076325,0.816142,R.Upper_arm,0.00272,1.460257667,1.037357,0.918857667
629,629,498,335,385,1.395068,0.962854,0.708693,1.408077,0.97357,0.740563,1.399547,0.953065,0.768574,R.Side_back,0.00058,1.400897333,0.963163,0.739276667
630,630,500,499,512,1.103127,1.120269,0.740841,1.096587,1.144153,0.761015,1.099777,1.111902,0.761577,L.Fore_arm,0.000341,1.099830333,1.125441333,0.754477667
631,631,60,222,627,1.304334,1.066352,1.343363,1.353211,1.060386,1.316852,1.293512,1.106711,1.250159,Head,0.00273,1.317019,1.077816333,1.303458
632,632,204,227,226,1.464295,1.076325,0.816142,1.46355,1.02076,1.005414,1.484436,1.030355,1.022763,R.Upper_arm,0.00249,1.470760333,1.04248,0.948106333
633,633,630,389,388,1.111768,1.579065,0.347118,1.121528,1.520519,0.459854,1.132995,1.548696,0.468134,L.foreleg,0.00199,1.122097,1.549426667,0.425035333
634,634,511,360,579,1.352966,1.471292,0.535917,1.361908,1.477926,0.553309,1.348355,1.490526,0.525069,RightLegsJoint,0.000227,1.354409667,1.479914667,0.538098333
635,635,55,525,380,1.376119,1.535344,0.520112,1.356029,1.512419,0.534653,1.386133,1.523592,0.552159,RightLegsJoint,0.000538,1.372760333,1.523785,0.535641333
636,636,412,411,578,1.129698,1.612288,0.330076,1.16672,1.568646,0.471551,1.156046,1.622723,0.331603,L.foreleg,0.00213,1.150821333,1.601219,0.377743333
637,637,18,523,144,1.423327,1.422938,0.573641,1.401471,1.214499,0.615599,1.436888,1.197043,0.603277,R.front_thigh,0.00426,1.420562,1.27816,0.597505667
638,638,472,109,108,1.262958,0.905693,1.132617,1.131869,0.930195,1.1027,1.154041,0.906163,1.089472,L.Side_back,0.00185,1.182956,0.914017,1.108263
639,639,625,190,599,1.1554,1.53509,0.520633,1.156585,1.516427,0.551186,1.182267,1.537721,0.535634,LeftLegsJoint,0.000507,1.164750667,1.529746,0.535817667
640,640,868,158,334,1.422658,0.955449,0.827928,1.437238,0.937329,0.915294,1.425545,0.91022,0.921151,R.Side_back,0.0013,1.428480333,0.934332667,0.888124333
641,641,66,68,223,1.145404,1.501641,0.478292,1.151398,1.485724,0.470395,1.138661,1.472142,0.490302,LeftLegsJoint,0.000255,1.145154333,1.486502333,0.479663
642,642,311,210,209,1.546855,1.373219,0.524801,1.536008,1.339684,0.518262,1.546256,1.367937,0.534858,R.Hand,0.000195,1.543039667,1.36028,0.525973667
643,643,632,633,476,1.111297,1.545213,0.350713,1.111346,1.587097,0.289308,1.119478,1.572388,0.262511,L.foreleg,0.00106,1.114040333,1.568232667,0.300844
644,644,562,235,164,1.344054,1.110902,0.833084,1.359846,1.111505,0.703387,1.295316,1.123601,0.801719,R.Side_chest,0.00351,1.333072,1.115336,0.779396667
645,645,586,405,491,1.459624,0.99651,1.093721,1.418039,1.047229,1.060859,1.395292,1.023403,1.097697,R.Side_chest,0.00166,1.424318333,1.022380667,1.084092333
646,646,634,261,308,1.433888,1.451399,0.521775,1.442464,1.42086,0.561183,1.45757,1.421584,0.530425,R.front_thigh,0.000668,1.444640667,1.431281,0.537794333
647,647,323,94,635,1.048146,1.001711,0.890102,1.030348,1.049487,0.842854,1.036149,1.047152,0.824985,L.Upper_arm,0.000578,1.038214333,1.032783333,0.852647
648,648,664,636,673,1.305949,0.913809,1.347407,1.317488,0.911937,1.343784,1.298651,0.934529,1.368549,Crown,0.000158,1.307362667,0.920091667,1.353246667
649,649,486,341,626,1.222547,1.070513,1.051764,1.315291,1.103249,0.943932,1.254173,1.109435,0.898931,L.Side_chest,0.00555,1.264003667,1.094399,0.964875667
650,650,380,56,55,1.386133,1.523592,0.552159,1.398723,1.540389,0.52501,1.376119,1.535344,0.520112,RightLegsJoint,0.000389,1.386991667,1.533108333,0.532427
651,651,433,597,598,1.058421,1.127332,0.789107,1.055987,1.148717,0.78388,1.039276,1.141671,0.779941,L.Fore_arm,0.000201,1.051228,1.13924,0.784309333
652,652,568,282,49,1.085015,0.924394,1.065218,1.090188,0.950361,1.092627,1.06472,0.950444,1.051057,L.Upper_arm,0.000678,1.079974333,0.941733,1.069634
653,653,309,612,89,1.478429,1.086566,0.736359,1.4623,1.060604,0.758094,1.46598,1.07775,0.747465,RightArmsJoint,0.000112,1.468903,1.074973333,0.747306
654,654,614,623,52,1.228698,1.030674,1.305525,1.222574,0.984918,1.303124,1.239203,1.001803,1.352604,Crown,0.00117,1.230158333,1.005798333,1.320417667
655,655,187,273,366,1.074555,1.101272,0.82797,1.075553,1.106107,0.850873,1.094173,1.10049,0.84485,L.Upper_arm,0.000227,1.081427,1.102623,0.841231
656,656,350,540,351,1.155245,1.608924,0.134079,1.136627,1.604149,0.175726,1.13457,1.622537,0.13777,L.foreleg,0.000523,1.142147333,1.61187,0.149191667
657,657,22,629,361,1.371272,1.425906,0.572124,1.408148,1.456507,0.552321,1.371688,1.459596,0.532223,R.front_thigh,0.000995,1.383702667,1.447336333,0.552222667
658,658,497,403,302,1.413057,0.986071,0.706641,1.39781,0.968968,0.649673,1.407586,0.975561,0.5749,Back_side,0.00119,1.406151,0.976866667,0.643738
659,659,132,325,114,1.119392,1.029357,0.502621,1.117383,1.005541,0.52499,1.099312,1.050647,0.540586,L.Back_thigh,0.000761,1.112029,1.028515,0.522732333
660,660,533,448,585,1.464636,1.057662,0.776706,1.477119,1.076031,0.797354,1.465882,1.081425,0.779623,RightArmsJoint,0.000258,1.469212333,1.071706,0.784561
661,661,438,31,208,1.584039,1.270389,0.625173,1.606665,1.305217,0.578361,1.598712,1.314907,0.580412,R.Hand,0.000396,1.596472,1.296837667,0.594648667
662,662,189,256,94,1.049535,1.093307,0.828403,1.039966,1.08309,0.82059,1.030348,1.049487,0.842854,L.Upper_arm,0.000305,1.039949667,1.075294667,0.830615667
663,663,267,369,275,1.317213,1.264715,0.546893,1.315955,1.274171,0.50999,1.307781,1.215226,0.529991,R.Back_thigh,0.00101,1.313649667,1.251370667,0.528958
664,664,406,76,333,1.134778,0.903639,1.035053,1.10404,0.937016,0.992147,1.133872,0.930359,1.000575,L.Upper_arm,0.000646,1.12423,0.923671333,1.009258333
665,665,420,422,284,1.200578,0.884642,1.070613,1.25039,0.871009,1.049612,1.291792,0.897057,1.139586,L.Side_back,0.00285,1.247586667,0.884236,1.086603667
666,666,597,375,600,1.055987,1.148717,0.78388,1.064304,1.252179,0.648483,1.044855,1.249585,0.650598,L.Fore_arm,0.00164,1.055048667,1.216827,0.694320333
667,667,306,43,352,1.377956,0.954415,0.519655,1.425686,0.987806,0.513746,1.40759,0.968702,0.53387,Back_side,0.000533,1.403744,0.970307667,0.522423667
668,668,521,116,102,1.186728,1.001294,1.113755,1.139072,1.010019,1.091476,1.134908,0.983629,1.108793,L.Side_chest,0.000823,1.153569333,0.998314,1.104674667
669,669,474,430,151,1.251246,1.180911,0.547429,1.255495,1.222874,0.550234,1.247536,1.205346,0.576859,R.front_thigh,0.000601,1.251425667,1.203043667,0.558174
670,670,54,532,639,1.383552,0.986872,1.33565,1.384407,0.944456,1.295192,1.386511,0.969361,1.264404,Crown,0.00116,1.384823333,0.966896333,1.298415333
671,671,187,605,330,1.074555,1.101272,0.82797,1.095766,1.08135,0.815613,1.088745,1.116074,0.808519,LeftArmsJoint,0.000429,1.086355333,1.099565333,0.817367333
672,672,12,331,605,1.096862,1.073241,0.807581,1.105419,1.08936,0.79362,1.095766,1.08135,0.815613,LeftArmsJoint,0.000132,1.099349,1.081317,0.805604667
673,673,590,616,500,1.099764,1.108256,0.748752,1.09114,1.096021,0.742593,1.103127,1.120269,0.740841,L.Fore_arm,0.000101,1.098010333,1.108182,0.744062
674,674,534,186,234,1.423383,0.902557,1.084461,1.39331,0.877405,1.041829,1.46509,0.906012,1.049881,R.Side_back,0.00157,1.427261,0.895324667,1.058723667
675,675,144,346,307,1.436888,1.197043,0.603277,1.456368,1.067798,0.578456,1.46314,1.226191,0.568904,R.front_thigh,0.00325,1.452132,1.163677333,0.583545667
676,676,620,289,96,1.158143,0.964298,0.555083,1.15353,0.974876,0.58836,1.127614,0.995227,0.589554,L.front_thigh,0.00055,1.146429,0.978133667,0.577665667
677,677,320,426,276,1.533988,0.988466,1.007495,1.524049,0.993998,1.053043,1.52924,0.968646,1.051988,R.Upper_arm,0.000596,1.529092333,0.983703333,1.037508667
678,678,75,673,636,1.312915,0.950532,1.374356,1.298651,0.934529,1.368549,1.317488,0.911937,1.343784,Crown,0.00041,1.309684667,0.932332667,1.362229667
679,679,481,640,480,1.198548,0.950999,0.660762,1.213163,0.945837,0.699916,1.187876,0.956607,0.700956,Back_side,0.000546,1.199862333,0.951147667,0.687211333
680,680,586,428,545,1.459624,0.99651,1.093721,1.431691,0.977284,1.111573,1.468815,0.955894,1.099685,R.Side_chest,0.000742,1.453376667,0.976562667,1.101659667
681,681,559,521,102,1.175244,0.959805,1.122763,1.186728,1.001294,1.113755,1.134908,0.983629,1.108793,L.Side_chest,0.00102,1.165626667,0.981576,1.115103667
682,682,305,549,43,1.402801,0.984889,0.483068,1.431894,1.03085,0.484156,1.425686,0.987806,0.513746,R.Back_thigh,0.000957,1.420127,1.001181667,0.493656667
683,683,561,486,116,1.227345,1.033046,1.100173,1.222547,1.070513,1.051764,1.139072,1.010019,1.091476,L.Side_chest,0.00281,1.196321333,1.037859333,1.081137667
684,684,523,17,344,1.401471,1.214499,0.615599,1.392885,1.426295,0.578916,1.380951,1.237478,0.613102,R.front_thigh,0.00211,1.391769,1.292757333,0.602539
685,685,302,45,303,1.407586,0.975561,0.5749,1.44191,1.001581,0.54798,1.436664,1.010497,0.588262,R.front_thigh,0.000921,1.42872,0.995879667,0.570380667
686,686,54,643,495,1.383552,0.986872,1.33565,1.386163,0.998558,1.264724,1.374805,1.040208,1.301661,Crown,0.00173,1.381506667,1.008546,1.300678333
687,687,271,270,644,1.117428,1.019938,0.882776,1.095937,1.034199,0.820896,1.105276,1.040787,0.827496,L.Upper_arm,0.00036,1.106213667,1.031641333,0.843722667
688,688,568,49,610,1.085015,0.924394,1.065218,1.06472,0.950444,1.051057,1.076785,0.928993,1.035627,L.Upper_arm,0.000432,1.075506667,0.934610333,1.050634
689,689,249,389,632,1.127909,1.490659,0.427582,1.121528,1.520519,0.459854,1.111297,1.545213,0.350713,L.foreleg,0.00209,1.120244667,1.518797,0.412716333
690,690,591,179,178,1.574738,1.239344,0.580348,1.567076,1.204752,0.629309,1.558309,1.194698,0.613752,R.Hand,0.000594,1.566707667,1.212931333,0.607803
691,691,486,561,492,1.222547,1.070513,1.051764,1.227345,1.033046,1.100173,1.313956,1.051918,1.087766,L.Side_chest,0.00271,1.254616,1.051825667,1.079901
692,692,187,99,273,1.074555,1.101272,0.82797,1.052564,1.101103,0.853888,1.075553,1.106107,0.850873,L.Upper_arm,0.000278,1.067557333,1.102827333,0.844243667
693,693,234,621,534,1.46509,0.906012,1.049881,1.463841,0.915037,1.073425,1.423383,0.902557,1.084461,R.Side_back,0.000543,1.450771333,0.907868667,1.069255667
694,694,372,20,636,1.340158,0.929053,1.359229,1.326946,0.951486,1.372965,1.317488,0.911937,1.343784,Crown,0.000452,1.328197333,0.930825333,1.358659333
695,695,12,11,93,1.096862,1.073241,0.807581,1.086014,1.057657,0.805673,1.097081,1.066934,0.783418,LeftArmsJoint,0.000227,1.093319,1.065944,0.798890667
696,696,331,330,605,1.105419,1.08936,0.79362,1.088745,1.116074,0.808519,1.095766,1.08135,0.815613,LeftArmsJoint,0.000419,1.096643333,1.095594667,0.805917333
697,697,406,333,332,1.134778,0.903639,1.035053,1.133872,0.930359,1.000575,1.143462,0.914057,0.987696,L.Side_back,0.000499,1.137370667,0.916018333,1.007774667
698,698,247,613,416,1.145202,1.030574,1.044708,1.144722,1.014106,0.952586,1.137918,1.011621,1.012282,L.Side_chest,0.000691,1.142614,1.018767,1.003192
699,699,119,478,395,1.09657,1.194102,0.523436,1.096436,1.07867,0.564664,1.10143,1.222305,0.559447,L.Back_thigh,0.00268,1.098145333,1.165025667,0.549182333
700,700,402,352,403,1.370037,0.946394,0.558842,1.40759,0.968702,0.53387,1.39781,0.968968,0.649673,Back_side,0.00243,1.391812333,0.961354667,0.580795
701,701,259,440,24,1.478968,1.12285,0.748478,1.524652,1.225189,0.639614,1.470161,1.112452,0.725335,R.Fore_arm,0.00203,1.491260333,1.153497,0.704475667
702,702,404,298,402,1.366799,0.950523,0.641741,1.309121,0.93282,0.560027,1.370037,0.946394,0.558842,Back_side,0.00259,1.348652333,0.943245667,0.58687
703,703,84,345,85,1.47128,1.214193,0.538083,1.466357,1.09921,0.527475,1.463352,1.20463,0.501655,R.Back_thigh,0.00209,1.466996333,1.172677667,0.522404333
704,704,606,539,19,1.043802,1.334926,0.516062,1.059833,1.298808,0.494857,1.02451,1.298628,0.539916,L.Hand,0.00104,1.042715,1.310787333,0.516945
705,705,178,556,386,1.558309,1.194698,0.613752,1.541795,1.199928,0.582252,1.549279,1.217754,0.560236,R.Hand,0.000409,1.549794333,1.204126667,0.585413333
706,706,622,163,294,1.246733,1.116903,0.819264,1.267185,1.124033,0.706624,1.21382,1.112033,0.708035,L.Side_chest,0.00307,1.242579333,1.117656333,0.744641
707,707,547,646,548,1.041449,1.065462,0.811351,1.034669,1.072188,0.805928,1.032745,1.063964,0.790785,LeftArmsJoint,9.31e-05,1.036287667,1.067204667,0.802688
708,708,114,119,254,1.099312,1.050647,0.540586,1.09657,1.194102,0.523436,1.109245,1.097713,0.498239,L.Back_thigh,0.00275,1.101709,1.114154,0.520753667
709,709,556,574,316,1.541795,1.199928,0.582252,1.521294,1.210835,0.57653,1.541833,1.212619,0.561628,R.Hand,0.00026,1.534974,1.207794,0.57347
710,710,687,124,602,1.233997,1.487583,0.505469,1.228355,1.515609,0.507889,1.234002,1.486802,0.509327,LeftLegsJoint,5.61e-05,1.232118,1.496664667,0.507561667
711,711,456,353,577,1.195252,1.622325,0.291752,1.175821,1.680668,0.190037,1.158488,1.66549,0.223907,L.foreleg,0.00139,1.176520333,1.656161,0.235232
712,712,495,647,222,1.374805,1.040208,1.301661,1.352453,1.067289,1.243884,1.353211,1.060386,1.316852,Head,0.00112,1.360156333,1.055961,1.287465667
713,713,584,596,196,1.482037,1.098598,0.786192,1.508298,1.102198,0.786291,1.503674,1.110226,0.764842,RightArmsJoint,0.000306,1.498003,1.103674,0.779108333
714,714,265,264,493,1.410112,1.060315,0.749677,1.398471,1.090421,0.684032,1.368274,1.099031,0.788876,R.Side_chest,0.00249,1.392285667,1.083255667,0.740861667
715,715,54,639,643,1.383552,0.986872,1.33565,1.386511,0.969361,1.264404,1.386163,0.998558,1.264724,Crown,0.00104,1.385408667,0.984930333,1.288259333
716,716,179,591,439,1.567076,1.204752,0.629309,1.574738,1.239344,0.580348,1.587382,1.255931,0.617548,R.Hand,0.00115,1.576398667,1.233342333,0.609068333
717,717,137,214,391,1.527313,0.941463,1.036607,1.541493,0.997755,0.900112,1.539658,0.995446,0.949131,R.Upper_arm,0.00124,1.536154667,0.978221333,0.96195
718,718,214,137,215,1.541493,0.997755,0.900112,1.527313,0.941463,1.036607,1.527036,0.976568,0.90266,R.Upper_arm,0.0017,1.531947333,0.971928667,0.946459667
719,719,429,625,571,1.133847,1.500633,0.530655,1.1554,1.53509,0.520633,1.135639,1.514698,0.504806,LeftLegsJoint,0.000477,1.141628667,1.516807,0.518698
720,720,61,566,649,1.368311,0.939487,1.339588,1.349982,0.907912,1.31963,1.370715,0.920006,1.276477,Crown,0.00103,1.363002667,0.922468333,1.311898333
721,721,40,42,611,1.522258,1.046193,0.788565,1.535539,1.069956,0.782185,1.52353,1.070639,0.797183,RightArmsJoint,0.000241,1.527109,1.062262667,0.789311
722,722,493,264,235,1.368274,1.099031,0.788876,1.398471,1.090421,0.684032,1.359846,1.111505,0.703387,R.Side_chest,0.00202,1.375530333,1.100319,0.725431667
723,723,650,560,651,1.034459,1.115114,0.77418,1.039131,1.117788,0.780058,1.032576,1.122887,0.775549,L.Fore_arm,3.07e-05,1.035388667,1.118596333,0.776595667
724,724,581,422,141,1.314298,0.874612,1.064482,1.25039,0.871009,1.049612,1.315169,0.867036,1.016896,L.Side_back,0.00155,1.293285667,0.870885667,1.043663333
725,725,312,678,206,1.453158,1.010723,0.996351,1.436869,1.009922,0.897016,1.432565,1.040981,0.939179,R.Side_chest,0.00164,1.440864,1.020542,0.944182
726,726,106,146,572,1.183454,1.098557,0.699703,1.205186,1.120122,0.638731,1.169031,1.079229,0.668866,Pelvis,0.00121,1.185890333,1.099302667,0.6691
727,727,165,509,163,1.306071,1.123694,0.702931,1.261189,1.149064,0.61251,1.267185,1.124033,0.706624,Pelvis,0.0019,1.278148333,1.132263667,0.674021667
728,728,621,181,544,1.463841,0.915037,1.073425,1.495123,0.917687,1.064877,1.470573,0.931392,1.088673,R.Upper_arm,0.000375,1.476512333,0.921372,1.075658333
729,729,99,187,189,1.052564,1.101103,0.853888,1.074555,1.101272,0.82797,1.049535,1.093307,0.828403,L.Upper_arm,0.000346,1.058884667,1.098560667,0.836753667
730,730,124,563,551,1.228355,1.515609,0.507889,1.210707,1.531825,0.527362,1.22774,1.505116,0.534389,LeftLegsJoint,0.000402,1.222267333,1.517516667,0.523213333
731,731,222,652,627,1.353211,1.060386,1.316852,1.303773,1.102323,1.244515,1.293512,1.106711,1.250159,Head,0.000591,1.316832,1.089806667,1.270508667
732,732,524,451,450,1.236371,1.516784,0.446894,1.226015,1.559046,0.342835,1.224951,1.568058,0.359973,L.foreleg,0.000844,1.229112333,1.547962667,0.383234
733,733,649,532,61,1.370715,0.920006,1.276477,1.384407,0.944456,1.295192,1.368311,0.939487,1.339588,Crown,0.000762,1.374477667,0.934649667,1.303752333
734,734,629,17,16,1.408148,1.456507,0.552321,1.392885,1.426295,0.578916,1.414067,1.452031,0.550837,R.front_thigh,0.000163,1.405033333,1.444944333,0.560691333
735,735,405,586,64,1.418039,1.047229,1.060859,1.459624,0.99651,1.093721,1.454956,1.01767,1.073809,R.Side_chest,0.000492,1.444206333,1.020469667,1.076129667
736,736,645,638,588,1.252553,0.92036,1.331141,1.283055,0.903504,1.329233,1.264941,0.928797,1.350103,Crown,0.00041,1.266849667,0.917553667,1.336825667
737,737,217,648,543,1.05627,1.361874,0.543358,1.089129,1.366802,0.525484,1.053971,1.367128,0.534896,L.Hand,0.000186,1.066456667,1.365268,0.534579333
738,738,187,330,188,1.074555,1.101272,0.82797,1.088745,1.116074,0.808519,1.0695,1.116901,0.817727,LeftArmsJoint,0.000207,1.0776,1.111415667,0.818072
739,739,226,176,204,1.484436,1.030355,1.022763,1.485855,1.091872,0.824884,1.464295,1.076325,0.816142,R.Upper_arm,0.00288,1.478195333,1.066184,0.887929667
740,740,217,573,648,1.05627,1.361874,0.543358,1.089396,1.36057,0.531686,1.089129,1.366802,0.525484,L.Hand,0.000152,1.078265,1.363082,0.533509333
741,741,390,66,571,1.144925,1.509889,0.483086,1.145404,1.501641,0.478292,1.135639,1.514698,0.504806,LeftLegsJoint,8.81e-05,1.141989333,1.508742667,0.488728
742,742,319,107,443,1.161855,1.056795,0.783447,1.174191,1.075224,0.777929,1.15626,1.06364,0.709369,L.Side_chest,0.00082,1.164102,1.065219667,0.756915
743,743,490,527,608,1.178201,1.710512,0.162035,1.185844,1.708555,0.13915,1.171376,1.753275,0.157082,L.foreleg,0.000527,1.178473667,1.724114,0.152755667
744,744,514,620,516,1.167997,0.955484,0.564367,1.158143,0.964298,0.555083,1.184175,0.953301,0.522363,Back_side,0.000348,1.170105,0.957694333,0.547271
745,745,196,596,134,1.503674,1.110226,0.764842,1.508298,1.102198,0.786291,1.529586,1.090964,0.78131,RightArmsJoint,0.000284,1.513852667,1.101129333,0.777481
746,746,581,141,186,1.314298,0.874612,1.064482,1.315169,0.867036,1.016896,1.39331,0.877405,1.041829,R.Side_back,0.0019,1.340925667,0.873017667,1.041069
747,747,598,651,560,1.039276,1.141671,0.779941,1.032576,1.122887,0.775549,1.039131,1.117788,0.780058,L.Fore_arm,9.51e-05,1.036994333,1.127448667,0.778516
748,748,266,319,194,1.158939,0.992356,0.789482,1.161855,1.056795,0.783447,1.156273,1.005901,0.743473,L.Side_back,0.00145,1.159022333,1.018350667,0.772134
749,749,545,296,586,1.468815,0.955894,1.099685,1.485566,0.992304,1.09216,1.459624,0.99651,1.093721,R.Upper_arm,0.000516,1.471335,0.981569333,1.095188667
750,750,527,167,133,1.185844,1.708555,0.13915,1.196107,1.631647,0.234011,1.196024,1.630503,0.205022,L.foreleg,0.00118,1.192658333,1.656901667,0.192727667
751,751,195,319,443,1.152324,1.040733,0.731449,1.161855,1.056795,0.783447,1.15626,1.06364,0.709369,L.Side_back,0.000804,1.156813,1.053722667,0.741421667
752,752,619,184,183,1.484848,1.033386,0.767705,1.509208,1.030679,0.76278,1.499503,1.034001,0.783213,RightArmsJoint,0.000227,1.497853,1.032688667,0.771232667
753,753,518,133,382,1.189945,1.64941,0.147707,1.196024,1.630503,0.205022,1.196817,1.600163,0.205153,L.foreleg,0.000873,1.194262,1.626692,0.185960667
754,754,196,88,584,1.503674,1.110226,0.764842,1.470874,1.096914,0.766343,1.482037,1.098598,0.786192,RightArmsJoint,0.000363,1.485528333,1.101912667,0.772459
755,755,375,501,413,1.064304,1.252179,0.648483,1.047622,1.290828,0.63703,1.035748,1.247715,0.641632,L.Hand,0.000619,1.049224667,1.263574,0.642381667
756,756,301,142,240,1.411131,1.012699,0.612497,1.420883,1.053903,0.619866,1.396857,1.057903,0.627763,R.front_thigh,0.00055,1.409623667,1.041501667,0.620042
757,757,298,404,444,1.309121,0.93282,0.560027,1.366799,0.950523,0.641741,1.319122,0.941242,0.646808,Back_side,0.00214,1.331680667,0.941528333,0.616192
758,758,386,591,178,1.549279,1.217754,0.560236,1.574738,1.239344,0.580348,1.558309,1.194698,0.613752,R.Hand,0.00108,1.560775333,1.217265333,0.584778667
759,759,574,315,316,1.521294,1.210835,0.57653,1.537798,1.222047,0.55062,1.541833,1.212619,0.561628,R.Hand,0.000185,1.533641667,1.215167,0.562926
760,760,64,63,405,1.454956,1.01767,1.073809,1.453776,1.027254,1.047755,1.418039,1.047229,1.060859,R.Side_chest,0.000595,1.442257,1.030717667,1.060807667
761,761,296,64,586,1.485566,0.992304,1.09216,1.454956,1.01767,1.073809,1.459624,0.99651,1.093721,R.Upper_arm,0.000377,1.466715333,1.002161333,1.086563333
762,762,212,150,152,1.201966,1.19903,0.6195,1.222357,1.195241,0.609395,1.226402,1.426874,0.555411,L.front_thigh,0.00274,1.216908333,1.273715,0.594768667
763,763,651,653,650,1.032576,1.122887,0.775549,1.026881,1.122362,0.767419,1.034459,1.115114,0.77418,L.Fore_arm,4.03e-05,1.031305333,1.120121,0.772382667
764,764,261,634,16,1.442464,1.42086,0.561183,1.433888,1.451399,0.521775,1.414067,1.452031,0.550837,R.front_thigh,0.000751,1.430139667,1.44143,0.544598333
765,765,528,654,145,1.198648,1.111973,0.622903,1.1833,1.105524,0.630423,1.175858,1.069269,0.639288,L.front_thigh,0.000279,1.185935333,1.095588667,0.630871333
766,766,251,313,249,1.144098,1.498566,0.358814,1.161,1.470521,0.41516,1.127909,1.490659,0.427582,L.foreleg,0.00131,1.144335667,1.486582,0.400518667
767,767,352,45,302,1.40759,0.968702,0.53387,1.44191,1.001581,0.54798,1.407586,0.975561,0.5749,R.front_thigh,0.00095,1.419028667,0.981948,0.55225
768,768,238,437,239,1.416252,1.061648,0.678036,1.422099,1.033689,0.697893,1.420861,1.015174,0.65617,Pelvis,0.000778,1.419737333,1.036837,0.677366333
769,769,638,655,588,1.283055,0.903504,1.329233,1.289196,0.925683,1.360905,1.264941,0.928797,1.350103,Crown,0.000479,1.279064,0.919328,1.346747
770,770,113,229,268,1.530341,1.120971,0.760198,1.544983,1.10656,0.74858,1.559333,1.209988,0.65242,R.Fore_arm,0.00167,1.544885667,1.145839667,0.720399333
771,771,136,196,134,1.525322,1.098695,0.761303,1.503674,1.110226,0.764842,1.529586,1.090964,0.78131,RightArmsJoint,0.000265,1.519527333,1.099961667,0.769151667
772,772,326,97,96,1.107662,1.019947,0.578604,1.129748,0.98249,0.536001,1.127614,0.995227,0.589554,L.front_thigh,0.000918,1.121674667,0.999221333,0.568053
773,773,482,145,654,1.145559,1.074817,0.630706,1.175858,1.069269,0.639288,1.1833,1.105524,0.630423,L.front_thigh,0.000608,1.168239,1.083203333,0.633472333
774,774,463,378,487,1.513855,1.219123,0.584807,1.527152,1.247074,0.624294,1.528702,1.241787,0.553241,R.Hand,0.00102,1.523236333,1.235994667,0.587447333
775,775,323,635,77,1.048146,1.001711,0.890102,1.036149,1.047152,0.824985,1.052578,1.028106,0.823754,L.Upper_arm,0.000884,1.045624333,1.025656333,0.846280333
776,776,361,511,201,1.371688,1.459596,0.532223,1.352966,1.471292,0.535917,1.346899,1.485757,0.51139,RightLegsJoint,0.000311,1.357184333,1.472215,0.52651
777,777,541,235,264,1.369971,1.113202,0.636432,1.359846,1.111505,0.703387,1.398471,1.090421,0.684032,Pelvis,0.0014,1.376096,1.105042667,0.674617
778,778,558,302,239,1.421526,1.010343,0.70066,1.407586,0.975561,0.5749,1.420861,1.015174,0.65617,Back_side,0.00111,1.416657667,1.000359333,0.64391
779,779,664,676,636,1.305949,0.913809,1.347407,1.314974,0.893603,1.307397,1.317488,0.911937,1.343784,Crown,0.00024,1.312803667,0.906449667,1.332862667
780,780,342,486,492,1.331461,1.076424,1.041211,1.222547,1.070513,1.051764,1.313956,1.051918,1.087766,L.Side_chest,0.00276,1.289321333,1.066285,1.060247
781,781,23,46,47,1.353514,1.213768,0.607809,1.352915,1.359781,0.575678,1.330262,1.214662,0.583458,R.front_thigh,0.00247,1.345563667,1.262737,0.588981667
782,782,559,102,129,1.175244,0.959805,1.122763,1.134908,0.983629,1.108793,1.13506,0.956632,1.111942,L.Side_chest,0.000567,1.148404,0.966688667,1.114499333
783,783,6,582,26,1.085734,1.22426,0.643278,1.086599,1.222009,0.617952,1.091467,1.255151,0.610275,L.Hand,0.000433,1.087933333,1.233806667,0.623835
784,784,657,146,509,1.226132,1.140276,0.575675,1.205186,1.120122,0.638731,1.261189,1.149064,0.61251,Pelvis,0.00165,1.230835667,1.136487333,0.608972
785,785,263,513,14,1.579049,1.331203,0.549238,1.552163,1.293261,0.509735,1.559573,1.281988,0.530478,R.Hand,0.000695,1.563595,1.302150667,0.529817
786,786,658,623,614,1.225549,1.02036,1.246813,1.222574,0.984918,1.303124,1.228698,1.030674,1.305525,Crown,0.00134,1.225607,1.011984,1.285154
787,787,583,146,657,1.212765,1.12988,0.603438,1.205186,1.120122,0.638731,1.226132,1.140276,0.575675,Pelvis,0.000142,1.214694333,1.130092667,0.605948
788,788,451,524,659,1.226015,1.559046,0.342835,1.236371,1.516784,0.446894,1.23465,1.503542,0.420192,L.foreleg,0.00126,1.232345333,1.526457333,0.403307
789,789,246,116,486,1.199758,1.066282,1.045984,1.139072,1.010019,1.091476,1.222547,1.070513,1.051764,L.Side_chest,0.000901,1.187125667,1.048938,1.063074667
790,790,599,287,625,1.182267,1.537721,0.535634,1.187289,1.543915,0.510466,1.1554,1.53509,0.520633,LeftLegsJoint,0.000392,1.174985333,1.538908667,0.522244333
791,791,559,129,109,1.175244,0.959805,1.122763,1.13506,0.956632,1.111942,1.131869,0.930195,1.1027,L.Side_back,0.000567,1.147391,0.948877333,1.112468333
792,792,97,624,95,1.129748,0.98249,0.536001,1.137218,0.974634,0.532699,1.135913,0.975844,0.547486,L.Back_thigh,7.72e-05,1.134293,0.977656,0.538728667
793,793,545,544,425,1.468815,0.955894,1.099685,1.470573,0.931392,1.088673,1.513208,0.948413,1.072938,R.Upper_arm,0.000648,1.484198667,0.945233,1.087098667
794,794,571,661,390,1.135639,1.514698,0.504806,1.146887,1.521835,0.489717,1.144925,1.509889,0.483086,LeftLegsJoint,0.000139,1.142483667,1.515474,0.492536333
795,795,181,621,234,1.495123,0.917687,1.064877,1.463841,0.915037,1.073425,1.46509,0.906012,1.049881,R.Upper_arm,0.000396,1.474684667,0.912912,1.062727667
796,796,528,583,654,1.198648,1.111973,0.622903,1.212765,1.12988,0.603438,1.1833,1.105524,0.630423,L.front_thigh,0.000133,1.198237667,1.115792333,0.618921333
797,797,527,133,518,1.185844,1.708555,0.13915,1.196024,1.630503,0.205022,1.189945,1.64941,0.147707,L.foreleg,0.00162,1.190604333,1.662822667,0.163959667
798,798,215,182,471,1.527036,0.976568,0.90266,1.488119,0.909949,1.028972,1.48104,0.932288,0.984613,R.Upper_arm,0.00147,1.498731667,0.939601667,0.972081667
799,799,343,240,523,1.365799,1.158916,0.61769,1.396857,1.057903,0.627763,1.401471,1.214499,0.615599,R.front_thigh,0.00268,1.388042333,1.143772667,0.620350667
800,800,221,124,687,1.226923,1.493179,0.482136,1.228355,1.515609,0.507889,1.233997,1.487583,0.505469,LeftLegsJoint,0.000352,1.229758333,1.498790333,0.498498
801,801,439,32,31,1.587382,1.255931,0.617548,1.60541,1.285538,0.55214,1.606665,1.305217,0.578361,R.Hand,0.00108,1.599819,1.282228667,0.582683
802,802,111,440,112,1.544475,1.2338,0.642578,1.524652,1.225189,0.639614,1.508034,1.129122,0.762922,R.Fore_arm,0.00167,1.525720333,1.196037,0.681704667
803,803,392,195,443,1.151041,1.042441,0.675156,1.152324,1.040733,0.731449,1.15626,1.06364,0.709369,L.Side_back,0.000639,1.153208333,1.048938,0.705324667
804,804,396,395,478,1.107828,1.085392,0.598209,1.10143,1.222305,0.559447,1.096436,1.07867,0.564664,L.front_thigh,0.00256,1.101898,1.128789,0.574106667
805,805,124,123,563,1.228355,1.515609,0.507889,1.210107,1.527904,0.482928,1.210707,1.531825,0.527362,LeftLegsJoint,0.000513,1.216389667,1.525112667,0.506059667
806,806,620,95,624,1.158143,0.964298,0.555083,1.135913,0.975844,0.547486,1.137218,0.974634,0.532699,L.Back_thigh,0.000192,1.143758,0.971592,0.545089333
807,807,420,108,110,1.200578,0.884642,1.070613,1.154041,0.906163,1.089472,1.142788,0.899135,1.062452,L.Side_back,0.000819,1.165802333,0.896646667,1.074179
808,808,578,411,455,1.156046,1.622723,0.331603,1.16672,1.568646,0.471551,1.197139,1.566561,0.471239,L.foreleg,0.00228,1.173301667,1.585976667,0.424797667
809,809,537,554,361,1.337381,1.422888,0.506657,1.335886,1.420806,0.523208,1.371688,1.459596,0.532223,R.Back_thigh,0.000448,1.348318333,1.43443,0.520696
810,810,252,88,196,1.480571,1.101947,0.751218,1.470874,1.096914,0.766343,1.503674,1.110226,0.764842,RightArmsJoint,0.00026,1.485039667,1.103029,0.760801
811,811,403,498,445,1.39781,0.968968,0.649673,1.395068,0.962854,0.708693,1.365534,0.944965,0.702668,Back_side,0.00104,1.386137333,0.958929,0.687011333
812,812,632,389,630,1.111297,1.545213,0.350713,1.121528,1.520519,0.459854,1.111768,1.579065,0.347118,L.foreleg,0.00181,1.114864333,1.548265667,0.385895
813,813,58,579,525,1.354281,1.51389,0.507921,1.348355,1.490526,0.525069,1.356029,1.512419,0.534653,RightLegsJoint,0.000315,1.352888333,1.505611667,0.522547667
814,814,378,507,393,1.527152,1.247074,0.624294,1.570582,1.272519,0.630076,1.573561,1.294071,0.608979,R.Hand,0.000716,1.557098333,1.271221333,0.621116333
815,815,58,525,55,1.354281,1.51389,0.507921,1.356029,1.512419,0.534653,1.376119,1.535344,0.520112,RightLegsJoint,0.00041,1.362143,1.520551,0.520895333
816,816,520,475,526,1.08334,1.751374,0.124283,1.118678,1.660219,0.156933,1.104209,1.719271,0.143406,L.foot,0.000518,1.102075667,1.710288,0.141540667
817,817,662,527,517,1.188864,1.667232,0.090921,1.185844,1.708555,0.13915,1.19353,1.646354,0.09537,L.foot,0.000611,1.189412667,1.674047,0.108480333
818,818,510,541,617,1.324303,1.143509,0.613699,1.369971,1.113202,0.636432,1.358427,1.124304,0.60535,Pelvis,0.000678,1.350900333,1.127005,0.618493667
819,819,375,542,86,1.064304,1.252179,0.648483,1.084263,1.143181,0.780812,1.078693,1.239095,0.64917,L.Fore_arm,0.00142,1.075753333,1.211485,0.692821667
820,820,193,860,869,1.216465,0.936864,0.774095,1.216663,0.906131,0.873477,1.180158,0.919593,0.870397,L.Side_back,0.002,1.204428667,0.920862667,0.839323
821,821,353,167,527,1.175821,1.680668,0.190037,1.196107,1.631647,0.234011,1.185844,1.708555,0.13915,L.foreleg,0.00111,1.185924,1.673623333,0.187732667
822,822,508,463,574,1.516847,1.21256,0.592586,1.513855,1.219123,0.584807,1.521294,1.210835,0.57653,R.Hand,7.33e-05,1.517332,1.214172667,0.584641
823,823,152,168,604,1.226402,1.426874,0.555411,1.238791,1.427306,0.511614,1.208392,1.457784,0.534034,L.front_thigh,0.000876,1.224528333,1.437321333,0.533686333
824,824,176,226,177,1.485855,1.091872,0.824884,1.484436,1.030355,1.022763,1.514547,1.051011,0.955168,R.Upper_arm,0.00307,1.494946,1.057746,0.934271667
825,825,275,338,47,1.307781,1.215226,0.529991,1.316705,1.181529,0.545824,1.330262,1.214662,0.583458,R.front_thigh,0.000974,1.318249333,1.203805667,0.553091
826,826,651,598,653,1.032576,1.122887,0.775549,1.039276,1.141671,0.779941,1.026881,1.122362,0.767419,L.Fore_arm,9.25e-05,1.032911,1.128973333,0.774303
827,827,320,391,232,1.533988,0.988466,1.007495,1.539658,0.995446,0.949131,1.541122,1.040473,0.90503,R.Upper_arm,0.00117,1.538256,1.008128333,0.953885333
828,828,374,582,669,1.089184,1.231699,0.599384,1.086599,1.222009,0.617952,1.07882,1.221081,0.59621,L.Hand,0.000156,1.084867667,1.224929667,0.604515333
829,829,620,514,289,1.158143,0.964298,0.555083,1.167997,0.955484,0.564367,1.15353,0.974876,0.58836,Back_side,0.000271,1.15989,0.964886,0.56927
830,830,58,201,579,1.354281,1.51389,0.507921,1.346899,1.485757,0.51139,1.348355,1.490526,0.525069,RightLegsJoint,0.000208,1.349845,1.496724333,0.514793333
831,831,600,653,598,1.044855,1.249585,0.650598,1.026881,1.122362,0.767419,1.039276,1.141671,0.779941,L.Fore_arm,0.00219,1.037004,1.171206,0.732652667
832,832,102,116,103,1.134908,0.983629,1.108793,1.139072,1.010019,1.091476,1.111614,1.012484,1.086929,L.Upper_arm,0.000445,1.128531333,1.002044,1.095732667
833,833,51,610,49,1.042595,1.000537,0.938178,1.076785,0.928993,1.035627,1.06472,0.950444,1.051057,L.Upper_arm,0.00181,1.061366667,0.959991333,1.008287333
834,834,127,322,663,1.059532,1.304249,0.543672,1.068784,1.268753,0.531885,1.067808,1.275362,0.52142,L.Hand,0.000232,1.065374667,1.282788,0.532325667
835,835,664,655,638,1.305949,0.913809,1.347407,1.289196,0.925683,1.360905,1.283055,0.903504,1.329233,Crown,0.000381,1.292733333,0.914332,1.345848333
836,836,623,665,82,1.222574,0.984918,1.303124,1.224887,0.961127,1.269959,1.234939,0.95866,1.340174,Crown,0.000918,1.227466667,0.968235,1.304419
837,837,474,666,430,1.251246,1.180911,0.547429,1.257241,1.204195,0.514426,1.255495,1.222874,0.550234,L.Back_thigh,0.000733,1.254660667,1.20266,0.537363
838,838,218,359,358,1.178312,0.969635,0.49816,1.15263,0.982008,0.493767,1.152433,0.998754,0.473445,L.Back_thigh,0.000349,1.161125,0.983465667,0.488457333
839,839,667,502,467,1.126139,1.759473,0.163634,1.129653,1.712317,0.166635,1.15925,1.720154,0.168731,L.foreleg,0.000715,1.138347333,1.730648,0.166333333
840,840,43,306,305,1.425686,0.987806,0.513746,1.377956,0.954415,0.519655,1.402801,0.984889,0.483068,Back_side,0.001,1.402147667,0.975703333,0.505489667
841,841,467,608,668,1.15925,1.720154,0.168731,1.171376,1.753275,0.157082,1.152222,1.773337,0.16602,L.foreleg,0.000516,1.160949333,1.748922,0.163944333
842,842,164,626,341,1.295316,1.123601,0.801719,1.254173,1.109435,0.898931,1.315291,1.103249,0.943932,L.Side_chest,0.00394,1.28826,1.112095,0.881527333
843,843,229,567,268,1.544983,1.10656,0.74858,1.557299,1.155968,0.68287,1.559333,1.209988,0.65242,R.Fore_arm,0.00107,1.553871667,1.157505333,0.694623333
844,844,427,465,669,1.059512,1.217243,0.593225,1.075531,1.22437,0.580352,1.07882,1.221081,0.59621,L.Hand,0.000157,1.071287667,1.220898,0.589929
845,845,239,301,240,1.420861,1.015174,0.65617,1.411131,1.012699,0.612497,1.396857,1.057903,0.627763,Pelvis,0.00107,1.409616333,1.028592,0.632143333
846,846,218,220,516,1.178312,0.969635,0.49816,1.263098,0.950014,0.489706,1.184175,0.953301,0.522363,Back_side,0.00127,1.208528333,0.95765,0.503409667
847,847,145,482,248,1.175858,1.069269,0.639288,1.145559,1.074817,0.630706,1.158942,1.021288,0.629449,L.front_thigh,0.000812,1.160119667,1.055124667,0.633147667
848,848,142,523,240,1.420883,1.053903,0.619866,1.401471,1.214499,0.615599,1.396857,1.057903,0.627763,R.front_thigh,0.002,1.406403667,1.108768333,0.621076
849,849,670,552,580,1.4335,1.420216,0.471177,1.455919,1.417982,0.501643,1.440936,1.35996,0.473705,R.Back_thigh,0.00114,1.443451667,1.399386,0.482175
850,850,618,541,240,1.3812,1.092612,0.622873,1.369971,1.113202,0.636432,1.396857,1.057903,0.627763,Pelvis,0.000317,1.382676,1.087905667,0.629022667
851,851,332,613,865,1.143462,0.914057,0.987696,1.144722,1.014106,0.952586,1.151201,0.953206,0.888589,L.Side_back,0.00429,1.146461667,0.960456333,0.942957
852,852,617,343,337,1.358427,1.124304,0.60535,1.365799,1.158916,0.61769,1.349001,1.139269,0.590231,R.front_thigh,0.000416,1.357742333,1.140829667,0.604423667
853,853,599,563,287,1.182267,1.537721,0.535634,1.210707,1.531825,0.527362,1.187289,1.543915,0.510466,LeftLegsJoint,0.000366,1.193421,1.537820333,0.524487333
854,854,375,485,501,1.064304,1.252179,0.648483,1.06191,1.290081,0.637536,1.047622,1.290828,0.63703,L.Hand,0.000281,1.057945333,1.277696,0.641016333
855,855,653,148,171,1.026881,1.122362,0.767419,1.042047,1.214593,0.61095,1.038402,1.094533,0.740471,L.Fore_arm,0.00357,1.035776667,1.143829333,0.70628
856,856,671,451,659,1.228124,1.523149,0.36956,1.226015,1.559046,0.342835,1.23465,1.503542,0.420192,L.foreleg,0.000655,1.229596333,1.528579,0.377529
857,857,593,672,616,1.09172,1.098869,0.754043,1.07227,1.087571,0.749404,1.09114,1.096021,0.742593,L.Fore_arm,0.000127,1.085043333,1.094153667,0.74868
858,858,640,299,347,1.213163,0.945837,0.699916,1.245484,0.940881,0.654791,1.266031,0.938636,0.697938,Back_side,0.00117,1.241559333,0.941784667,0.684215
859,859,493,340,530,1.368274,1.099031,0.788876,1.393748,1.078533,1.003343,1.420852,1.063578,0.964296,R.Side_chest,0.00395,1.394291333,1.080380667,0.918838333
860,860,655,664,673,1.289196,0.925683,1.360905,1.305949,0.913809,1.347407,1.298651,0.934529,1.368549,Crown,0.000183,1.297932,0.924673667,1.358953667
861,861,589,173,546,1.033478,1.10005,0.754479,1.052578,1.087745,0.749081,1.041919,1.059015,0.779901,LeftArmsJoint,0.000507,1.042658333,1.08227,0.761153667
862,862,495,643,674,1.374805,1.040208,1.301661,1.386163,0.998558,1.264724,1.36706,1.040484,1.233961,Head,0.00152,1.376009333,1.026416667,1.266782
863,863,526,502,667,1.104209,1.719271,0.143406,1.129653,1.712317,0.166635,1.126139,1.759473,0.163634,L.foreleg,0.000796,1.120000333,1.730353667,0.157891667
864,864,516,620,218,1.184175,0.953301,0.522363,1.158143,0.964298,0.555083,1.178312,0.969635,0.49816,Back_side,0.000601,1.173543333,0.962411333,0.525202
865,865,26,582,374,1.091467,1.255151,0.610275,1.086599,1.222009,0.617952,1.089184,1.231699,0.599384,L.Hand,0.000273,1.089083333,1.236286333,0.609203667
866,866,308,552,675,1.45757,1.421584,0.530425,1.455919,1.417982,0.501643,1.427732,1.450991,0.498623,R.foreleg,0.000632,1.447073667,1.430185667,0.510230333
867,867,665,36,82,1.224887,0.961127,1.269959,1.236233,0.924569,1.281491,1.234939,0.95866,1.340174,Crown,0.00133,1.232019667,0.948118667,1.297208
868,868,234,182,181,1.46509,0.906012,1.049881,1.488119,0.909949,1.028972,1.495123,0.917687,1.064877,R.Upper_arm,0.000515,1.482777333,0.911216,1.04791
869,869,495,674,647,1.374805,1.040208,1.301661,1.36706,1.040484,1.233961,1.352453,1.067289,1.243884,Head,0.00106,1.364772667,1.049327,1.259835333
870,870,516,300,514,1.184175,0.953301,0.522363,1.221307,0.937758,0.562902,1.167997,0.955484,0.564367,Back_side,0.00117,1.191159667,0.948847667,0.549877333
871,871,153,506,105,1.165981,1.064576,1.005306,1.192303,1.080771,0.989354,1.201881,1.099723,0.783003,L.Side_chest,0.00305,1.186721667,1.08169,0.925887667
872,872,397,571,625,1.159115,1.533113,0.49036,1.135639,1.514698,0.504806,1.1554,1.53509,0.520633,LeftLegsJoint,0.000444,1.150051333,1.527633667,0.505266333
873,873,620,96,95,1.158143,0.964298,0.555083,1.127614,0.995227,0.589554,1.135913,0.975844,0.547486,L.front_thigh,0.000614,1.140556667,0.978456333,0.564041
874,874,677,464,8,1.057722,1.251005,0.537186,1.061238,1.23848,0.557972,1.042215,1.257268,0.570042,L.Hand,0.000359,1.053725,1.248917667,0.555066667
875,875,544,181,425,1.470573,0.931392,1.088673,1.495123,0.917687,1.064877,1.513208,0.948413,1.072938,R.Upper_arm,0.000668,1.492968,0.932497333,1.075496
876,876,640,481,299,1.213163,0.945837,0.699916,1.198548,0.950999,0.660762,1.245484,0.940881,0.654791,Back_side,0.000987,1.219065,0.945905667,0.671823
877,877,326,478,114,1.107662,1.019947,0.578604,1.096436,1.07867,0.564664,1.099312,1.050647,0.540586,L.Back_thigh,0.000918,1.101136667,1.049754667,0.561284667
878,878,186,370,581,1.39331,0.877405,1.041829,1.311991,0.895927,1.133797,1.314298,0.874612,1.064482,R.Side_back,0.00286,1.339866333,0.882648,1.080036
879,879,489,100,488,1.183015,1.540805,0.260242,1.157383,1.515278,0.305001,1.168656,1.549426,0.240227,L.foreleg,0.000651,1.169684667,1.535169667,0.26849
880,880,85,345,460,1.463352,1.20463,0.501655,1.466357,1.09921,0.527475,1.443215,1.103868,0.478863,R.Back_thigh,0.00279,1.457641333,1.135902667,0.502664333
881,881,672,172,616,1.07227,1.087571,0.749404,1.065966,1.086378,0.743028,1.09114,1.096021,0.742593,L.Fore_arm,8.87e-05,1.076458667,1.08999,0.745008333
882,882,668,667,467,1.152222,1.773337,0.16602,1.126139,1.759473,0.163634,1.15925,1.720154,0.168731,L.foreleg,0.000747,1.145870333,1.750988,0.166128333
883,883,246,247,117,1.199758,1.066282,1.045984,1.145202,1.030574,1.044708,1.136477,1.022579,1.057735,L.Side_chest,0.000437,1.160479,1.039811667,1.049475667
884,884,572,145,679,1.169031,1.079229,0.668866,1.175858,1.069269,0.639288,1.164068,1.061467,0.666319,Pelvis,0.000277,1.169652333,1.069988333,0.658157667
885,885,117,116,246,1.136477,1.022579,1.057735,1.139072,1.010019,1.091476,1.199758,1.066282,1.045984,L.Side_chest,0.00135,1.158435667,1.03296,1.065065
886,886,340,342,405,1.393748,1.078533,1.003343,1.331461,1.076424,1.041211,1.418039,1.047229,1.060859,R.Side_chest,0.00252,1.381082667,1.067395333,1.035137667
887,887,597,542,375,1.055987,1.148717,0.78388,1.084263,1.143181,0.780812,1.064304,1.252179,0.648483,L.Fore_arm,0.00247,1.068184667,1.181359,0.737725
888,888,545,425,296,1.468815,0.955894,1.099685,1.513208,0.948413,1.072938,1.485566,0.992304,1.09216,R.Upper_arm,0.00101,1.489196333,0.965537,1.088261
889,889,449,304,680,1.390475,0.994491,0.465589,1.364132,0.974339,0.475766,1.354925,0.997071,0.458157,Back_side,0.000485,1.369844,0.988633667,0.466504
890,890,515,306,298,1.279555,0.937552,0.51662,1.377956,0.954415,0.519655,1.309121,0.93282,0.560027,Back_side,0.00218,1.322210667,0.941595667,0.532100667
891,891,218,624,359,1.178312,0.969635,0.49816,1.137218,0.974634,0.532699,1.15263,0.982008,0.493767,L.Back_thigh,0.00061,1.156053333,0.975425667,0.508208667
892,892,618,617,541,1.3812,1.092612,0.622873,1.358427,1.124304,0.60535,1.369971,1.113202,0.636432,Pelvis,0.000473,1.369866,1.110039333,0.621551667
893,893,515,516,220,1.279555,0.937552,0.51662,1.184175,0.953301,0.522363,1.263098,0.950014,0.489706,Back_side,0.00143,1.242276,0.946955667,0.509563
894,894,127,26,321,1.059532,1.304249,0.543672,1.091467,1.255151,0.610275,1.083512,1.251434,0.571456,L.Hand,0.00116,1.078170333,1.270278,0.575134333
895,895,248,679,145,1.158942,1.021288,0.629449,1.164068,1.061467,0.666319,1.175858,1.069269,0.639288,Pelvis,0.000775,1.166289333,1.050674667,0.645018667
896,896,471,383,215,1.48104,0.932288,0.984613,1.489924,1.016561,0.793008,1.527036,0.976568,0.90266,R.Upper_arm,0.00447,1.499333333,0.975139,0.893427
897,897,287,563,123,1.187289,1.543915,0.510466,1.210707,1.531825,0.527362,1.210107,1.527904,0.482928,LeftLegsJoint,0.000599,1.202701,1.534548,0.506918667
898,898,296,425,424,1.485566,0.992304,1.09216,1.513208,0.948413,1.072938,1.511413,0.981044,1.077089,R.Upper_arm,0.00047,1.503395667,0.973920333,1.080729
899,899,85,553,83,1.463352,1.20463,0.501655,1.458775,1.304886,0.495844,1.466457,1.292133,0.516354,R.Back_thigh,0.00105,1.462861333,1.267216333,0.504617667
900,900,681,170,682,1.20479,1.450967,0.486583,1.226125,1.418068,0.474602,1.209188,1.432076,0.468319,L.Back_thigh,0.000283,1.213367667,1.433703667,0.476501333
901,901,170,681,168,1.226125,1.418068,0.474602,1.20479,1.450967,0.486583,1.238791,1.427306,0.511614,L.Back_thigh,0.000789,1.223235333,1.432113667,0.490933
902,902,168,683,604,1.238791,1.427306,0.511614,1.212547,1.457239,0.510969,1.208392,1.457784,0.534034,L.Back_thigh,0.000463,1.21991,1.447443,0.518872333
903,903,75,20,21,1.312915,0.950532,1.374356,1.326946,0.951486,1.372965,1.326551,0.976972,1.379794,Crown,0.000186,1.322137333,0.959663333,1.375705
904,904,392,248,684,1.151041,1.042441,0.675156,1.158942,1.021288,0.629449,1.14658,1.022133,0.684636,Back_side,0.000582,1.152187667,1.028620667,0.663080333
905,905,624,357,359,1.137218,0.974634,0.532699,1.120579,1.003408,0.516254,1.15263,0.982008,0.493767,L.Back_thigh,0.00073,1.136809,0.986683333,0.51424
906,906,404,403,445,1.366799,0.950523,0.641741,1.39781,0.968968,0.649673,1.365534,0.944965,0.702668,Back_side,0.00112,1.376714333,0.954818667,0.664694
907,907,441,576,660,1.254626,1.142126,0.529252,1.316271,1.135566,0.512757,1.286608,1.125057,0.490186,Pelvis,0.00103,1.285835,1.134249667,0.510731667
908,908,236,234,186,1.415654,0.882665,0.984782,1.46509,0.906012,1.049881,1.39331,0.877405,1.041829,R.Side_back,0.0023,1.424684667,0.888694,1.025497333
909,909,65,64,296,1.484179,1.022644,1.056266,1.454956,1.01767,1.073809,1.485566,0.992304,1.09216,R.Upper_arm,0.00072,1.474900333,1.010872667,1.074078333
910,910,340,562,341,1.393748,1.078533,1.003343,1.344054,1.110902,0.833084,1.315291,1.103249,0.943932,R.Side_chest,0.00537,1.351031,1.097561333,0.926786333
911,911,615,349,520,1.130804,1.642323,0.074957,1.127371,1.631702,0.103643,1.08334,1.751374,0.124283,L.foot,0.00197,1.113838333,1.675133,0.100961
912,912,143,142,303,1.439785,1.044231,0.602656,1.420883,1.053903,0.619866,1.436664,1.010497,0.588262,R.front_thigh,0.000432,1.432444,1.036210333,0.603594667
913,913,173,172,672,1.052578,1.087745,0.749081,1.065966,1.086378,0.743028,1.07227,1.087571,0.749404,L.Fore_arm,6.3e-05,1.063604667,1.087231333,0.747171
914,914,235,541,510,1.359846,1.111505,0.703387,1.369971,1.113202,0.636432,1.324303,1.143509,0.613699,Pelvis,0.00193,1.351373333,1.122738667,0.651172667
915,915,430,666,168,1.255495,1.222874,0.550234,1.257241,1.204195,0.514426,1.238791,1.427306,0.511614,L.Back_thigh,0.00403,1.250509,1.284791667,0.525424667
916,916,551,602,124,1.22774,1.505116,0.534389,1.234002,1.486802,0.509327,1.228355,1.515609,0.507889,LeftLegsJoint,0.000384,1.230032333,1.502509,0.517201667
917,917,685,658,614,1.244669,1.062172,1.244629,1.225549,1.02036,1.246813,1.228698,1.030674,1.305525,Head,0.00136,1.232972,1.037735333,1.265655667
918,918,658,665,623,1.225549,1.02036,1.246813,1.224887,0.961127,1.269959,1.222574,0.984918,1.303124,Crown,0.00126,1.224336667,0.988801667,1.273298667
919,919,527,686,608,1.185844,1.708555,0.13915,1.163916,1.818901,0.153914,1.171376,1.753275,0.157082,L.foot,0.000733,1.173712,1.760243667,0.150048667
920,920,647,652,222,1.352453,1.067289,1.243884,1.303773,1.102323,1.244515,1.353211,1.060386,1.316852,Head,0.0022,1.336479,1.076666,1.268417
921,921,115,32,591,1.561878,1.242912,0.517713,1.60541,1.285538,0.55214,1.574738,1.239344,0.580348,R.Hand,0.00184,1.580675333,1.255931333,0.550067
922,922,685,614,400,1.244669,1.062172,1.244629,1.228698,1.030674,1.305525,1.247511,1.04984,1.325245,Head,0.00116,1.240292667,1.047562,1.291799667
923,923,649,639,532,1.370715,0.920006,1.276477,1.386511,0.969361,1.264404,1.384407,0.944456,1.295192,Crown,0.000667,1.380544333,0.944607667,1.278691
924,924,625,287,397,1.1554,1.53509,0.520633,1.187289,1.543915,0.510466,1.159115,1.533113,0.49036,LeftLegsJoint,0.000488,1.167268,1.537372667,0.507153
925,925,571,397,661,1.135639,1.514698,0.504806,1.159115,1.533113,0.49036,1.146887,1.521835,0.489717,LeftLegsJoint,0.000131,1.147213667,1.523215333,0.494961
926,926,146,145,572,1.205186,1.120122,0.638731,1.175858,1.069269,0.639288,1.169031,1.079229,0.668866,Pelvis,0.000927,1.183358333,1.08954,0.648961667
927,927,383,183,569,1.489924,1.016561,0.793008,1.499503,1.034001,0.783213,1.515145,1.019163,0.789313,R.Upper_arm,0.000234,1.501524,1.023241667,0.788511333
928,928,13,15,487,1.545487,1.27304,0.587661,1.546105,1.25587,0.528295,1.528702,1.241787,0.553241,R.Hand,0.000826,1.540098,1.256899,0.556399
929,929,70,9,413,1.035196,1.310724,0.615632,1.029595,1.298218,0.598418,1.035748,1.247715,0.641632,L.Hand,0.000731,1.033513,1.285552333,0.618560667
930,930,294,509,146,1.21382,1.112033,0.708035,1.261189,1.149064,0.61251,1.205186,1.120122,0.638731,Pelvis,0.00227,1.226731667,1.127073,0.653092
931,931,283,228,641,1.544145,1.090901,0.740458,1.532403,1.079929,0.744982,1.513139,1.068806,0.720939,R.Fore_arm,0.000246,1.529895667,1.079878667,0.735459667
932,932,520,689,615,1.08334,1.751374,0.124283,1.095953,1.723761,0.102824,1.130804,1.642323,0.074957,L.foot,0.000529,1.103365667,1.705819333,0.100688
933,933,645,36,690,1.252553,0.92036,1.331141,1.236233,0.924569,1.281491,1.248015,0.913194,1.280917,Crown,0.000416,1.245600333,0.919374333,1.297849667
934,934,634,308,675,1.433888,1.451399,0.521775,1.45757,1.421584,0.530425,1.427732,1.450991,0.498623,R.Back_thigh,0.000437,1.43973,1.441324667,0.516941
935,935,515,410,306,1.279555,0.937552,0.51662,1.328083,0.952543,0.490774,1.377956,0.954415,0.519655,Back_side,0.00141,1.328531333,0.94817,0.509016333
936,936,390,389,66,1.144925,1.509889,0.483086,1.121528,1.520519,0.459854,1.145404,1.501641,0.478292,L.foreleg,0.000165,1.137285667,1.510683,0.473744
937,937,419,394,417,1.129088,1.429767,0.552673,1.110059,1.251495,0.571996,1.138056,1.244767,0.601378,L.front_thigh,0.00366,1.125734333,1.308676333,0.575349
938,938,361,564,537,1.371688,1.459596,0.532223,1.361437,1.434552,0.480633,1.337381,1.422888,0.506657,R.Back_thigh,0.00101,1.356835333,1.439012,0.506504333
939,939,277,639,649,1.359982,0.947991,1.216716,1.386511,0.969361,1.264404,1.370715,0.920006,1.276477,Head,0.00149,1.372402667,0.945786,1.252532333
940,940,566,691,649,1.349982,0.907912,1.31963,1.341035,0.901264,1.26655,1.370715,0.920006,1.276477,Crown,0.000877,1.353910667,0.909727333,1.287552333
941,941,654,483,482,1.1833,1.105524,0.630423,1.16958,1.210913,0.618674,1.145559,1.074817,0.630706,L.front_thigh,0.00222,1.166146333,1.130418,0.626601
942,942,418,213,701,1.156526,1.430513,0.573425,1.191147,1.430629,0.575895,1.154162,1.457934,0.538126,L.front_thigh,0.000772,1.167278333,1.439692,0.562482
943,943,638,645,688,1.283055,0.903504,1.329233,1.252553,0.92036,1.331141,1.285755,0.892991,1.300667,Crown,0.00051,1.273787667,0.905618333,1.320347
944,944,530,861,371,1.420852,1.063578,0.964296,1.4218,1.051517,0.893674,1.411034,1.062054,0.84817,R.Side_chest,0.000763,1.417895333,1.059049667,0.902046667
945,945,567,179,268,1.557299,1.155968,0.68287,1.567076,1.204752,0.629309,1.559333,1.209988,0.65242,R.Fore_arm,0.000742,1.561236,1.190236,0.654866333
946,946,617,336,510,1.358427,1.124304,0.60535,1.330677,1.144517,0.55675,1.324303,1.143509,0.613699,Pelvis,0.0011,1.337802333,1.137443333,0.591933
947,947,301,303,142,1.411131,1.012699,0.612497,1.436664,1.010497,0.588262,1.420883,1.053903,0.619866,R.front_thigh,0.000758,1.422892667,1.025699667,0.606875
948,948,70,413,501,1.035196,1.310724,0.615632,1.035748,1.247715,0.641632,1.047622,1.290828,0.63703,L.Hand,0.000588,1.039522,1.283089,0.631431333
949,949,389,67,66,1.121528,1.520519,0.459854,1.136888,1.48024,0.448504,1.145404,1.501641,0.478292,L.foreleg,0.000647,1.134606667,1.5008,0.462216667
950,950,692,608,686,1.151694,1.840909,0.177721,1.171376,1.753275,0.157082,1.163916,1.818901,0.153914,L.foot,0.000883,1.162328667,1.804361667,0.162905667
951,951,299,298,444,1.245484,0.940881,0.654791,1.309121,0.93282,0.560027,1.319122,0.941242,0.646808,Back_side,0.00325,1.291242333,0.938314333,0.620542
952,952,645,690,688,1.252553,0.92036,1.331141,1.248015,0.913194,1.280917,1.285755,0.892991,1.300667,Crown,0.00109,1.262107667,0.908848333,1.304241667
953,953,647,674,693,1.352453,1.067289,1.243884,1.36706,1.040484,1.233961,1.336701,1.066939,1.186926,Head,0.000933,1.352071333,1.058237333,1.221590333
954,954,550,496,24,1.519313,1.199955,0.609406,1.531728,1.188728,0.609176,1.470161,1.112452,0.725335,R.Fore_arm,0.00127,1.507067333,1.167045,0.647972333
955,955,397,287,286,1.159115,1.533113,0.49036,1.187289,1.543915,0.510466,1.177867,1.538628,0.490723,LeftLegsJoint,0.000192,1.174757,1.538552,0.497183
956,956,657,473,583,1.226132,1.140276,0.575675,1.234563,1.174452,0.589803,1.212765,1.12988,0.603438,L.front_thigh,0.000616,1.224486667,1.148202667,0.589638667
957,957,371,861,858,1.411034,1.062054,0.84817,1.4218,1.051517,0.893674,1.419564,1.039381,0.841304,R.Side_chest,0.000603,1.417466,1.050984,0.861049333
958,958,250,249,632,1.124609,1.523118,0.33502,1.127909,1.490659,0.427582,1.111297,1.545213,0.350713,L.foreleg,0.00144,1.121271667,1.519663333,0.371105
959,959,114,254,132,1.099312,1.050647,0.540586,1.109245,1.097713,0.498239,1.119392,1.029357,0.502621,L.Back_thigh,0.00148,1.109316333,1.059239,0.513815333
960,960,393,208,207,1.573561,1.294071,0.608979,1.598712,1.314907,0.580412,1.586766,1.314789,0.56482,R.Hand,0.00042,1.586346333,1.307922333,0.584737
961,961,500,7,6,1.103127,1.120269,0.740841,1.090397,1.176578,0.668138,1.085734,1.22426,0.643278,L.Fore_arm,0.00105,1.093086,1.173702333,0.684085667
962,962,400,694,685,1.247511,1.04984,1.325245,1.289951,1.105217,1.246238,1.244669,1.062172,1.244629,Head,0.00255,1.260710333,1.072409667,1.272037333
963,963,462,550,24,1.515558,1.205426,0.612354,1.519313,1.199955,0.609406,1.470161,1.112452,0.725335,R.Fore_arm,0.000556,1.501677333,1.172611,0.649031667
964,964,695,527,662,1.178917,1.703197,0.107289,1.185844,1.708555,0.13915,1.188864,1.667232,0.090921,L.foot,0.000591,1.184541667,1.692994667,0.112453333
965,965,639,277,242,1.386511,0.969361,1.264404,1.359982,0.947991,1.216716,1.360393,0.971906,1.198901,Head,0.000858,1.368962,0.963086,1.226673667
966,966,477,633,630,1.119376,1.635698,0.226856,1.111346,1.587097,0.289308,1.111768,1.579065,0.347118,L.foreleg,0.00118,1.114163333,1.60062,0.287760667
967,967,857,241,678,1.429906,0.989451,0.838266,1.428093,1.016708,0.834438,1.436869,1.009922,0.897016,R.Side_back,0.000848,1.431622667,1.005360333,0.856573333
968,968,696,697,647,1.31071,1.089617,1.210163,1.303197,1.093033,1.239856,1.352453,1.067289,1.243884,Head,0.000842,1.32212,1.083313,1.231301
969,969,698,333,76,1.128185,0.957949,0.98719,1.133872,0.930359,1.000575,1.10404,0.937016,0.992147,L.Upper_arm,0.000436,1.122032333,0.941774667,0.993304
970,970,509,510,454,1.261189,1.149064,0.61251,1.324303,1.143509,0.613699,1.299948,1.150332,0.561079,Pelvis,0.00166,1.295146667,1.147635,0.595762667
971,971,456,423,450,1.195252,1.622325,0.291752,1.226647,1.548578,0.459755,1.224951,1.568058,0.359973,L.foreleg,0.0025,1.215616667,1.579653667,0.370493333
972,972,29,628,464,1.066075,1.248412,0.54089,1.072449,1.236544,0.561909,1.061238,1.23848,0.557972,L.Hand,0.000121,1.066587333,1.241145333,0.553590333
973,973,535,394,419,1.117291,1.426734,0.527142,1.110059,1.251495,0.571996,1.129088,1.429767,0.552673,L.front_thigh,0.00255,1.118812667,1.369332,0.550603667
974,974,337,336,617,1.349001,1.139269,0.590231,1.330677,1.144517,0.55675,1.358427,1.124304,0.60535,R.front_thigh,0.00024,1.346035,1.13603,0.584110333
975,975,400,627,694,1.247511,1.04984,1.325245,1.293512,1.106711,1.250159,1.289951,1.105217,1.246238,Head,0.000288,1.276991333,1.087256,1.273880667
976,976,566,676,691,1.349982,0.907912,1.31963,1.314974,0.893603,1.307397,1.341035,0.901264,1.26655,Crown,0.000939,1.335330333,0.900926333,1.297859
977,977,678,312,452,1.436869,1.009922,0.897016,1.453158,1.010723,0.996351,1.445746,0.987944,0.946001,R.Side_chest,0.00113,1.445257667,1.002863,0.946456
978,978,100,642,251,1.157383,1.515278,0.305001,1.169474,1.500371,0.336625,1.144098,1.498566,0.358814,L.foreleg,0.000588,1.156985,1.504738333,0.33348
979,979,654,583,150,1.1833,1.105524,0.630423,1.212765,1.12988,0.603438,1.222357,1.195241,0.609395,L.front_thigh,0.00129,1.206140667,1.143548333,0.614418667
980,980,298,300,515,1.309121,0.93282,0.560027,1.221307,0.937758,0.562902,1.279555,0.937552,0.51662,Back_side,0.00196,1.269994333,0.936043333,0.546516333
981,981,701,419,418,1.154162,1.457934,0.538126,1.129088,1.429767,0.552673,1.156526,1.430513,0.573425,L.front_thigh,0.000665,1.146592,1.439404667,0.554741333
982,982,388,412,630,1.132995,1.548696,0.468134,1.129698,1.612288,0.330076,1.111768,1.579065,0.347118,L.foreleg,0.00225,1.124820333,1.580016333,0.381776
983,983,228,309,469,1.532403,1.079929,0.744982,1.478429,1.086566,0.736359,1.48837,1.075321,0.729362,R.Fore_arm,0.000363,1.499734,1.080605333,0.736901
984,984,725,382,702,1.200697,1.549606,0.265413,1.196817,1.600163,0.205153,1.209612,1.563375,0.266679,L.foreleg,0.000578,1.202375333,1.571048,0.245748333
985,985,697,652,647,1.303197,1.093033,1.239856,1.303773,1.102323,1.244515,1.352453,1.067289,1.243884,Head,0.000274,1.319807667,1.087548333,1.242751667
986,986,643,639,242,1.386163,0.998558,1.264724,1.386511,0.969361,1.264404,1.360393,0.971906,1.198901,Head,0.00103,1.377689,0.979941667,1.242676333
987,987,27,26,127,1.042595,1.337315,0.587271,1.091467,1.255151,0.610275,1.059532,1.304249,0.543672,L.Hand,0.00251,1.064531333,1.298905,0.580406
988,988,499,6,86,1.096587,1.144153,0.761015,1.085734,1.22426,0.643278,1.078693,1.239095,0.64917,L.Fore_arm,0.00121,1.087004667,1.202502667,0.684487667
989,989,674,643,703,1.36706,1.040484,1.233961,1.386163,0.998558,1.264724,1.359381,1.010787,1.198574,Head,0.0013,1.370868,1.016609667,1.232419667
990,990,509,442,657,1.261189,1.149064,0.61251,1.230764,1.143639,0.559987,1.226132,1.140276,0.575675,Pelvis,0.000385,1.239361667,1.144326333,0.582724
991,991,693,696,647,1.336701,1.066939,1.186926,1.31071,1.089617,1.210163,1.352453,1.067289,1.243884,Head,0.00114,1.333288,1.074615,1.213657667
992,992,704,691,700,1.312607,0.896413,1.259146,1.341035,0.901264,1.26655,1.315172,0.892292,1.280948,Head,0.000315,1.322938,0.896656333,1.268881333
993,993,482,414,248,1.145559,1.074817,0.630706,1.120832,1.039993,0.61224,1.158942,1.021288,0.629449,L.front_thigh,0.00102,1.141777667,1.045366,0.624131667
994,994,139,665,658,1.247055,0.977102,1.198763,1.224887,0.961127,1.269959,1.225549,1.02036,1.246813,Head,0.00204,1.232497,0.986196333,1.238511667
995,995,468,577,353,1.149717,1.699058,0.179102,1.158488,1.66549,0.223907,1.175821,1.680668,0.190037,L.foreleg,0.000684,1.161342,1.681738667,0.197682
996,996,654,150,212,1.1833,1.105524,0.630423,1.222357,1.195241,0.609395,1.201966,1.19903,0.6195,L.front_thigh,0.00111,1.202541,1.166598333,0.619772667
997,997,98,880,50,1.057982,1.048481,0.971649,1.04594,1.039531,0.950766,1.066239,0.97894,1.064687,L.Upper_arm,0.00132,1.056720333,1.022317333,0.995700667
998,998,101,476,540,1.145097,1.567681,0.220566,1.119478,1.572388,0.262511,1.136627,1.604149,0.175726,L.foreleg,0.00123,1.133734,1.581406,0.219601
999,999,626,622,506,1.254173,1.109435,0.898931,1.246733,1.116903,0.819264,1.192303,1.080771,0.989354,L.Side_chest,0.00293,1.231069667,1.102369667,0.902516333
1000,1000,523,142,144,1.401471,1.214499,0.615599,1.420883,1.053903,0.619866,1.436888,1.197043,0.603277,R.front_thigh,0.00287,1.419747333,1.155148333,0.612914
1001,1001,100,251,250,1.157383,1.515278,0.305001,1.144098,1.498566,0.358814,1.124609,1.523118,0.33502,L.foreleg,0.000886,1.14203,1.512320667,0.332945
1002,1002,704,700,706,1.312607,0.896413,1.259146,1.315172,0.892292,1.280948,1.288924,0.894165,1.267592,Head,0.000274,1.305567667,0.89429,1.269228667
1003,1003,688,690,706,1.285755,0.892991,1.300667,1.248015,0.913194,1.280917,1.288924,0.894165,1.267592,Crown,0.000732,1.274231333,0.900116667,1.283058667
1004,1004,674,703,693,1.36706,1.040484,1.233961,1.359381,1.010787,1.198574,1.336701,1.066939,1.186926,Head,0.00134,1.354380667,1.039403333,1.206487
1005,1005,473,150,583,1.234563,1.174452,0.589803,1.222357,1.195241,0.609395,1.212765,1.12988,0.603438,L.front_thigh,0.000775,1.223228333,1.166524333,0.600878667
1006,1006,289,288,684,1.15353,0.974876,0.58836,1.164399,0.980631,0.691714,1.14658,1.022133,0.684636,Back_side,0.00235,1.154836333,0.992546667,0.654903333
1007,1007,697,707,708,1.303197,1.093033,1.239856,1.290776,1.090724,1.211743,1.287468,1.092815,1.23958,Head,0.00022,1.293813667,1.092190667,1.230393
1008,1008,694,627,652,1.289951,1.105217,1.246238,1.293512,1.106711,1.250159,1.303773,1.102323,1.244515,Head,3.42e-05,1.295745333,1.104750333,1.246970667
1009,1009,46,23,22,1.352915,1.359781,0.575678,1.353514,1.213768,0.607809,1.371272,1.425906,0.572124,R.front_thigh,0.00161,1.359233667,1.333151667,0.585203667
1010,1010,278,277,649,1.340989,0.919455,1.224438,1.359982,0.947991,1.216716,1.370715,0.920006,1.276477,Head,0.00105,1.357228667,0.929150667,1.239210333
1011,1011,160,658,685,1.251859,1.063228,1.190911,1.225549,1.02036,1.246813,1.244669,1.062172,1.244629,Head,0.00124,1.240692333,1.048586667,1.227451
1012,1012,555,578,577,1.133721,1.660516,0.219218,1.156046,1.622723,0.331603,1.158488,1.66549,0.223907,L.foreleg,0.00148,1.149418333,1.649576333,0.258242667
1013,1013,29,464,677,1.066075,1.248412,0.54089,1.061238,1.23848,0.557972,1.057722,1.251005,0.537186,L.Hand,9.35e-05,1.061678333,1.245965667,0.545349333
1014,1014,700,688,706,1.315172,0.892292,1.280948,1.285755,0.892991,1.300667,1.288924,0.894165,1.267592,Crown,0.000456,1.296617,0.893149333,1.283069
1015,1015,193,870,860,1.216465,0.936864,0.774095,1.254424,0.930586,0.775447,1.216663,0.906131,0.873477,L.Side_back,0.002,1.229184,0.924527,0.807673
1016,1016,177,232,285,1.514547,1.051011,0.955168,1.541122,1.040473,0.90503,1.53631,1.072067,0.831047,R.Upper_arm,0.00166,1.530659667,1.054517,0.897081667
1017,1017,232,391,214,1.541122,1.040473,0.90503,1.539658,0.995446,0.949131,1.541493,0.997755,0.900112,R.Upper_arm,0.00105,1.540757667,1.011224667,0.918091
1018,1018,707,697,696,1.290776,1.090724,1.211743,1.303197,1.093033,1.239856,1.31071,1.089617,1.210163,Head,0.000292,1.301561,1.091124667,1.220587333
1019,1019,168,666,557,1.238791,1.427306,0.511614,1.257241,1.204195,0.514426,1.24465,1.312964,0.495741,L.Back_thigh,0.00198,1.246894,1.314821667,0.507260333
1020,1020,454,442,509,1.299948,1.150332,0.561079,1.230764,1.143639,0.559987,1.261189,1.149064,0.61251,Pelvis,0.00181,1.263967,1.147678333,0.577858667
1021,1021,705,99,94,1.040374,1.056148,0.919523,1.052564,1.101103,0.853888,1.030348,1.049487,0.842854,L.Upper_arm,0.00211,1.041095333,1.068912667,0.872088333
1022,1022,537,367,554,1.337381,1.422888,0.506657,1.327364,1.357382,0.510735,1.335886,1.420806,0.523208,R.Back_thigh,0.000545,1.333543667,1.400358667,0.513533333
1023,1023,630,412,555,1.111768,1.579065,0.347118,1.129698,1.612288,0.330076,1.133721,1.660516,0.219218,L.foreleg,0.00176,1.125062333,1.617289667,0.298804
1024,1024,493,562,340,1.368274,1.099031,0.788876,1.344054,1.110902,0.833084,1.393748,1.078533,1.003343,R.Side_chest,0.0036,1.368692,1.096155333,0.875101
1025,1025,691,278,649,1.341035,0.901264,1.26655,1.340989,0.919455,1.224438,1.370715,0.920006,1.276477,Head,0.000836,1.350913,0.913575,1.255821667
1026,1026,336,454,510,1.330677,1.144517,0.55675,1.299948,1.150332,0.561079,1.324303,1.143509,0.613699,Pelvis,0.000878,1.318309333,1.146119333,0.577176
1027,1027,657,442,473,1.226132,1.140276,0.575675,1.230764,1.143639,0.559987,1.234563,1.174452,0.589803,L.front_thigh,0.000315,1.230486333,1.152789,0.575155
1028,1028,695,709,527,1.178917,1.703197,0.107289,1.171334,1.766857,0.125273,1.185844,1.708555,0.13915,L.foot,0.00101,1.178698333,1.726203,0.123904
1029,1029,323,877,51,1.048146,1.001711,0.890102,1.0555,0.983037,0.927472,1.042595,1.000537,0.938178,L.Upper_arm,0.000514,1.048747,0.995095,0.918584
1030,1030,304,410,710,1.364132,0.974339,0.475766,1.328083,0.952543,0.490774,1.313357,0.982428,0.453853,Back_side,0.00106,1.335190667,0.96977,0.473464333
1031,1031,685,694,708,1.244669,1.062172,1.244629,1.289951,1.105217,1.246238,1.287468,1.092815,1.23958,Head,0.000303,1.274029333,1.086734667,1.243482333
1032,1032,396,414,482,1.107828,1.085392,0.598209,1.120832,1.039993,0.61224,1.145559,1.074817,0.630706,L.front_thigh,0.00103,1.124739667,1.066734,0.613718333
1033,1033,552,670,675,1.455919,1.417982,0.501643,1.4335,1.420216,0.471177,1.427732,1.450991,0.498623,R.Back_thigh,0.000721,1.439050333,1.429729667,0.490481
1034,1034,690,36,121,1.248015,0.913194,1.280917,1.236233,0.924569,1.281491,1.276649,0.91291,1.228272,Head,0.000455,1.253632333,0.916891,1.26356
1035,1035,302,301,239,1.407586,0.975561,0.5749,1.411131,1.012699,0.612497,1.420861,1.015174,0.65617,Back_side,0.000792,1.413192667,1.001144667,0.614522333
1036,1036,270,11,644,1.095937,1.034199,0.820896,1.086014,1.057657,0.805673,1.105276,1.040787,0.827496,L.Upper_arm,0.000195,1.095742333,1.044214333,0.818021667
1037,1037,712,693,703,1.334483,1.052369,1.171685,1.336701,1.066939,1.186926,1.359381,1.010787,1.198574,Head,0.000583,1.343521667,1.043365,1.185728333
1038,1038,344,17,23,1.380951,1.237478,0.613102,1.392885,1.426295,0.578916,1.353514,1.213768,0.607809,R.front_thigh,0.00266,1.375783333,1.292513667,0.599942333
1039,1039,691,704,278,1.341035,0.901264,1.26655,1.312607,0.896413,1.259146,1.340989,0.919455,1.224438,Head,0.000674,1.331543667,0.905710667,1.250044667
1040,1040,690,121,706,1.248015,0.913194,1.280917,1.276649,0.91291,1.228272,1.288924,0.894165,1.267592,Head,0.00105,1.271196,0.906756333,1.258927
1041,1041,177,285,175,1.514547,1.051011,0.955168,1.53631,1.072067,0.831047,1.518843,1.090655,0.820841,R.Upper_arm,0.00163,1.523233333,1.071244333,0.869018667
1042,1042,143,303,346,1.439785,1.044231,0.602656,1.436664,1.010497,0.588262,1.456368,1.067798,0.578456,R.front_thigh,0.000646,1.444272333,1.040842,0.589791333
1043,1043,37,36,665,1.247606,0.948263,1.212486,1.236233,0.924569,1.281491,1.224887,0.961127,1.269959,Head,0.00126,1.236242,0.944653,1.254645333
1044,1044,159,90,203,1.277216,1.071951,1.170157,1.298994,1.066304,1.163963,1.260956,1.04577,1.171476,Head,0.000344,1.279055333,1.061341667,1.168532
1045,1045,91,693,712,1.315003,1.06423,1.164563,1.336701,1.066939,1.186926,1.334483,1.052369,1.171685,Head,0.000253,1.328729,1.061179333,1.174391333
1046,1046,643,242,703,1.386163,0.998558,1.264724,1.360393,0.971906,1.198901,1.359381,1.010787,1.198574,Head,0.00138,1.368645667,0.993750333,1.220733
1047,1047,667,198,526,1.126139,1.759473,0.163634,1.078287,1.811376,0.16052,1.104209,1.719271,0.143406,L.foot,0.0017,1.102878333,1.763373333,0.155853333
1048,1048,139,37,665,1.247055,0.977102,1.198763,1.247606,0.948263,1.212486,1.224887,0.961127,1.269959,Head,0.000988,1.239849333,0.962164,1.227069333
1049,1049,632,630,633,1.111297,1.545213,0.350713,1.111768,1.579065,0.347118,1.111346,1.587097,0.289308,L.foreleg,0.000964,1.111470333,1.570458333,0.329046333
1050,1050,707,161,708,1.290776,1.090724,1.211743,1.277731,1.088606,1.214377,1.287468,1.092815,1.23958,Head,0.000181,1.285325,1.090715,1.2219
1051,1051,656,451,671,1.22011,1.550089,0.310062,1.226015,1.559046,0.342835,1.228124,1.523149,0.36956,L.foreleg,0.000719,1.224749667,1.544094667,0.340819
1052,1052,84,308,307,1.47128,1.214193,0.538083,1.45757,1.421584,0.530425,1.46314,1.226191,0.568904,R.front_thigh,0.00334,1.463996667,1.287322667,0.545804
1053,1053,147,121,284,1.30734,0.907031,1.228854,1.276649,0.91291,1.228272,1.291792,0.897057,1.139586,Head,0.00141,1.291927,0.905666,1.198904
1054,1054,658,160,138,1.225549,1.02036,1.246813,1.251859,1.063228,1.190911,1.253486,1.01586,1.178752,Head,0.00172,1.243631333,1.033149333,1.205492
1055,1055,363,127,663,1.072531,1.302501,0.518347,1.059532,1.304249,0.543672,1.067808,1.275362,0.52142,L.Hand,0.000393,1.066623667,1.294037333,0.527813
1056,1056,686,527,709,1.163916,1.818901,0.153914,1.185844,1.708555,0.13915,1.171334,1.766857,0.125273,L.foot,0.00123,1.173698,1.764771,0.139445667
1057,1057,354,610,879,1.092308,0.917684,1.031041,1.076785,0.928993,1.035627,1.071022,0.976846,0.919981,L.Upper_arm,0.00124,1.080038333,0.941174333,0.995549667
1058,1058,310,209,263,1.591385,1.342131,0.545063,1.546256,1.367937,0.534858,1.579049,1.331203,0.549238,R.Hand,0.000435,1.57223,1.347090333,0.543053
1059,1059,629,16,713,1.408148,1.456507,0.552321,1.414067,1.452031,0.550837,1.405263,1.473736,0.565863,RightLegsJoint,6.11e-05,1.409159333,1.460758,0.556340333
1060,1060,483,654,212,1.16958,1.210913,0.618674,1.1833,1.105524,0.630423,1.201966,1.19903,0.6195,L.front_thigh,0.00164,1.184948667,1.171822333,0.622865667
1061,1061,198,520,526,1.078287,1.811376,0.16052,1.08334,1.751374,0.124283,1.104209,1.719271,0.143406,L.foot,0.00135,1.088612,1.760673667,0.142736333
1062,1062,595,711,875,1.134012,1.013356,0.993376,1.125852,1.023156,0.916382,1.111517,1.059529,0.933789,L.Upper_arm,0.00161,1.123793667,1.032013667,0.947849
1063,1063,237,133,167,1.201834,1.602984,0.226696,1.196024,1.630503,0.205022,1.196107,1.631647,0.234011,L.foreleg,0.00042,1.197988333,1.621711333,0.221909667
1064,1064,685,708,161,1.244669,1.062172,1.244629,1.287468,1.092815,1.23958,1.277731,1.088606,1.214377,Head,0.000692,1.269956,1.081197667,1.232862
1065,1065,414,96,248,1.120832,1.039993,0.61224,1.127614,0.995227,0.589554,1.158942,1.021288,0.629449,L.front_thigh,0.00111,1.135796,1.018836,0.610414333
1066,1066,341,562,164,1.315291,1.103249,0.943932,1.344054,1.110902,0.833084,1.295316,1.123601,0.801719,R.Side_chest,0.00323,1.318220333,1.112584,0.859578333
1067,1067,410,220,348,1.328083,0.952543,0.490774,1.263098,0.950014,0.489706,1.283135,0.97238,0.460577,Back_side,0.00119,1.291438667,0.958312333,0.480352333
1068,1068,710,410,348,1.313357,0.982428,0.453853,1.328083,0.952543,0.490774,1.283135,0.97238,0.460577,Back_side,0.000808,1.308191667,0.969117,0.468401333
1069,1069,476,633,477,1.119478,1.572388,0.262511,1.111346,1.587097,0.289308,1.119376,1.635698,0.226856,L.foreleg,0.00115,1.116733333,1.598394333,0.259558333
1070,1070,473,442,474,1.234563,1.174452,0.589803,1.230764,1.143639,0.559987,1.251246,1.180911,0.547429,L.front_thigh,0.000854,1.238857667,1.166334,0.565739667
1071,1071,205,280,570,1.460558,1.047075,0.809624,1.469401,1.016239,0.825762,1.452928,1.014986,0.935017,L.Fore_arm,0.0018,1.460962333,1.0261,0.856801
1072,1072,121,147,706,1.276649,0.91291,1.228272,1.30734,0.907031,1.228854,1.288924,0.894165,1.267592,Head,0.00066,1.290971,0.904702,1.241572667
1073,1073,293,270,271,1.123791,0.986694,0.940994,1.095937,1.034199,0.820896,1.117428,1.019938,0.882776,L.Upper_arm,0.000811,1.112385333,1.013610333,0.881555333
1074,1074,703,242,244,1.359381,1.010787,1.198574,1.360393,0.971906,1.198901,1.34912,0.995576,1.182888,Head,0.000371,1.356298,0.992756333,1.193454333
1075,1075,653,413,148,1.026881,1.122362,0.767419,1.035748,1.247715,0.641632,1.042047,1.214593,0.61095,L.Fore_arm,0.00405,1.034892,1.19489,0.673333667
1076,1076,160,685,161,1.251859,1.063228,1.190911,1.244669,1.062172,1.244629,1.277731,1.088606,1.214377,Head,0.00105,1.258086333,1.071335333,1.216639
1077,1077,698,76,293,1.128185,0.957949,0.98719,1.10404,0.937016,0.992147,1.123791,0.986694,0.940994,L.Upper_arm,0.000805,1.118672,0.960553,0.973443667
1078,1078,577,578,456,1.158488,1.66549,0.223907,1.156046,1.622723,0.331603,1.195252,1.622325,0.291752,L.foreleg,0.00239,1.169928667,1.636846,0.282420667
1079,1079,608,692,668,1.171376,1.753275,0.157082,1.151694,1.840909,0.177721,1.152222,1.773337,0.16602,L.foot,0.000677,1.158430667,1.789173667,0.166941
1080,1080,242,277,257,1.360393,0.971906,1.198901,1.359982,0.947991,1.216716,1.358601,0.939021,1.128712,Head,0.00113,1.359658667,0.952972667,1.181443
1081,1081,9,71,10,1.029595,1.298218,0.598418,1.02346,1.332257,0.579702,1.019276,1.321652,0.559404,L.Hand,0.000457,1.024110333,1.317375667,0.579174667
1082,1082,499,86,542,1.096587,1.144153,0.761015,1.078693,1.239095,0.64917,1.084263,1.143181,0.780812,L.Fore_arm,0.00137,1.086514333,1.175476333,0.730332333
1083,1083,637,167,456,1.212371,1.591481,0.288548,1.196107,1.631647,0.234011,1.195252,1.622325,0.291752,L.foreleg,0.00104,1.201243333,1.615151,0.271437
1084,1084,451,637,450,1.226015,1.559046,0.342835,1.212371,1.591481,0.288548,1.224951,1.568058,0.359973,L.foreleg,0.000544,1.221112333,1.572861667,0.330452
1085,1085,371,493,530,1.411034,1.062054,0.84817,1.368274,1.099031,0.788876,1.420852,1.063578,0.964296,R.Side_chest,0.00311,1.400053333,1.074887667,0.867114
1086,1086,174,677,8,1.038846,1.273988,0.525983,1.057722,1.251005,0.537186,1.042215,1.257268,0.570042,L.Hand,0.000585,1.046261,1.260753667,0.544403667
1087,1087,363,339,127,1.072531,1.302501,0.518347,1.067828,1.328984,0.533389,1.059532,1.304249,0.543672,L.Hand,0.000365,1.066630333,1.311911333,0.531802667
1088,1088,587,488,350,1.167362,1.609191,0.142359,1.168656,1.549426,0.240227,1.155245,1.608924,0.134079,L.foreleg,0.000738,1.163754333,1.589180333,0.172221667
1089,1089,684,248,289,1.14658,1.022133,0.684636,1.158942,1.021288,0.629449,1.15353,0.974876,0.58836,Back_side,0.00136,1.153017333,1.006099,0.634148333
1090,1090,73,198,667,1.092585,1.831795,0.174247,1.078287,1.811376,0.16052,1.126139,1.759473,0.163634,L.foot,0.000992,1.099003667,1.800881333,0.166133667
1091,1091,71,9,70,1.02346,1.332257,0.579702,1.029595,1.298218,0.598418,1.035196,1.310724,0.615632,L.Hand,0.000431,1.029417,1.313733,0.597917333
1092,1092,18,17,523,1.423327,1.422938,0.573641,1.392885,1.426295,0.578916,1.401471,1.214499,0.615599,R.front_thigh,0.00332,1.405894333,1.354577333,0.589385333
1093,1093,686,715,692,1.163916,1.818901,0.153914,1.151194,1.849727,0.168377,1.151694,1.840909,0.177721,L.foot,0.000222,1.155601333,1.836512333,0.166670667
1094,1094,237,382,133,1.201834,1.602984,0.226696,1.196817,1.600163,0.205153,1.196024,1.630503,0.205022,L.foreleg,0.000336,1.198225,1.611216667,0.212290333
1095,1095,867,266,80,1.164837,0.938782,0.85605,1.158939,0.992356,0.789482,1.174248,0.96933,0.761873,L.Side_back,0.00165,1.166008,0.966822667,0.802468333
1096,1096,353,456,167,1.175821,1.680668,0.190037,1.195252,1.622325,0.291752,1.196107,1.631647,0.234011,L.foreleg,0.00136,1.18906,1.64488,0.2386
1097,1097,630,555,477,1.111768,1.579065,0.347118,1.133721,1.660516,0.219218,1.119376,1.635698,0.226856,L.foreleg,0.00156,1.121621667,1.625093,0.264397333
1098,1098,248,96,289,1.158942,1.021288,0.629449,1.127614,0.995227,0.589554,1.15353,0.974876,0.58836,L.front_thigh,0.000933,1.146695333,0.997130333,0.602454333
1099,1099,667,74,73,1.126139,1.759473,0.163634,1.121119,1.840738,0.18227,1.092585,1.831795,0.174247,L.foot,0.00124,1.113281,1.810668667,0.173383667
1100,1100,74,667,668,1.121119,1.840738,0.18227,1.126139,1.759473,0.163634,1.152222,1.773337,0.16602,L.foot,0.00112,1.13316,1.791182667,0.170641333
1101,1101,716,609,535,1.125591,1.42651,0.485698,1.108684,1.352173,0.52041,1.117291,1.426734,0.527142,L.Back_thigh,0.00159,1.117188667,1.401805667,0.511083333
1102,1102,668,692,74,1.152222,1.773337,0.16602,1.151694,1.840909,0.177721,1.121119,1.840738,0.18227,L.foot,0.00106,1.141678333,1.818328,0.175337
1103,1103,164,622,626,1.295316,1.123601,0.801719,1.246733,1.116903,0.819264,1.254173,1.109435,0.898931,L.Side_chest,0.00202,1.265407333,1.116646333,0.839971333
1104,1104,717,675,670,1.399148,1.450193,0.482321,1.427732,1.450991,0.498623,1.4335,1.420216,0.471177,R.Back_thigh,0.000668,1.420126667,1.440466667,0.484040333
1105,1105,681,683,168,1.20479,1.450967,0.486583,1.212547,1.457239,0.510969,1.238791,1.427306,0.511614,L.Back_thigh,0.000524,1.218709333,1.445170667,0.503055333
1106,1106,354,879,76,1.092308,0.917684,1.031041,1.071022,0.976846,0.919981,1.10404,0.937016,0.992147,L.Upper_arm,0.0012,1.089123333,0.943848667,0.981056333
1107,1107,570,204,205,1.452928,1.014986,0.935017,1.464295,1.076325,0.816142,1.460558,1.047075,0.809624,R.Upper_arm,0.00196,1.459260333,1.046128667,0.853594333
1108,1108,538,701,213,1.177146,1.460035,0.552255,1.154162,1.457934,0.538126,1.191147,1.430629,0.575895,L.front_thigh,0.000456,1.174151667,1.449532667,0.555425333
1109,1109,105,506,622,1.201881,1.099723,0.783003,1.192303,1.080771,0.989354,1.246733,1.116903,0.819264,L.Side_chest,0.00526,1.213639,1.099132333,0.863873667
1110,1110,250,632,476,1.124609,1.523118,0.33502,1.111297,1.545213,0.350713,1.119478,1.572388,0.262511,L.foreleg,0.00133,1.118461333,1.546906333,0.316081333
1111,1111,554,367,267,1.335886,1.420806,0.523208,1.327364,1.357382,0.510735,1.317213,1.264715,0.546893,R.Back_thigh,0.00174,1.326821,1.347634333,0.526945333
1112,1112,250,101,100,1.124609,1.523118,0.33502,1.145097,1.567681,0.220566,1.157383,1.515278,0.305001,L.foreleg,0.00209,1.142363,1.535359,0.286862333
1113,1113,99,98,874,1.052564,1.101103,0.853888,1.057982,1.048481,0.971649,1.076873,1.060278,0.959495,L.Upper_arm,0.00132,1.062473,1.069954,0.928344
1114,1114,874,366,273,1.076873,1.060278,0.959495,1.094173,1.10049,0.84485,1.075553,1.106107,0.850873,L.Upper_arm,0.00119,1.082199667,1.088958333,0.885072667
1115,1115,692,72,74,1.151694,1.840909,0.177721,1.123918,1.852403,0.174519,1.121119,1.840738,0.18227,L.foot,0.000212,1.132243667,1.844683333,0.17817
1116,1116,72,692,715,1.123918,1.852403,0.174519,1.151694,1.840909,0.177721,1.151194,1.849727,0.168377,L.foot,0.00018,1.142268667,1.847679667,0.173539
1117,1117,130,634,675,1.447531,1.476885,0.500476,1.433888,1.451399,0.521775,1.427732,1.450991,0.498623,RightLegsJoint,0.000381,1.436383667,1.459758333,0.506958
1118,1118,701,538,126,1.154162,1.457934,0.538126,1.177146,1.460035,0.552255,1.148793,1.479868,0.548444,LeftLegsJoint,0.000334,1.160033667,1.465945667,0.546275
1119,1119,419,224,535,1.129088,1.429767,0.552673,1.145213,1.456353,0.511504,1.117291,1.426734,0.527142,L.front_thigh,0.000617,1.130530667,1.437618,0.530439667
1120,1120,538,154,126,1.177146,1.460035,0.552255,1.177946,1.487286,0.562472,1.148793,1.479868,0.548444,LeftLegsJoint,0.000447,1.167961667,1.475729667,0.554390333
1121,1121,130,675,718,1.447531,1.476885,0.500476,1.427732,1.450991,0.498623,1.429314,1.462555,0.483596,RightLegsJoint,0.000271,1.434859,1.463477,0.494231667
1122,1122,224,419,701,1.145213,1.456353,0.511504,1.129088,1.429767,0.552673,1.154162,1.457934,0.538126,L.front_thigh,0.000565,1.142821,1.448018,0.534101
1123,1123,538,155,154,1.177146,1.460035,0.552255,1.205064,1.470193,0.553228,1.177946,1.487286,0.562472,LeftLegsJoint,0.000404,1.186718667,1.472504667,0.555985
1124,1124,381,290,713,1.401018,1.499709,0.567419,1.385968,1.473942,0.565448,1.405263,1.473736,0.565863,RightLegsJoint,0.000251,1.397416333,1.482462333,0.566243333
1125,1125,701,126,125,1.154162,1.457934,0.538126,1.148793,1.479868,0.548444,1.135182,1.470608,0.518369,LeftLegsJoint,0.000364,1.146045667,1.46947,0.534979667
1126,1126,125,224,701,1.135182,1.470608,0.518369,1.145213,1.456353,0.511504,1.154162,1.457934,0.538126,LeftLegsJoint,0.000257,1.144852333,1.461631667,0.522666333
1127,1127,367,369,267,1.327364,1.357382,0.510735,1.315955,1.274171,0.50999,1.317213,1.264715,0.546893,R.Back_thigh,0.00156,1.320177333,1.298756,0.522539333
1128,1128,291,290,381,1.375616,1.501619,0.561696,1.385968,1.473942,0.565448,1.401018,1.499709,0.567419,RightLegsJoint,0.00035,1.387534,1.491756667,0.564854333
1129,1129,718,317,130,1.429314,1.462555,0.483596,1.436253,1.48334,0.48059,1.447531,1.476885,0.500476,RightLegsJoint,0.000256,1.437699333,1.47426,0.488220667
1130,1130,535,224,716,1.117291,1.426734,0.527142,1.145213,1.456353,0.511504,1.125591,1.42651,0.485698,L.Back_thigh,0.000812,1.129365,1.436532333,0.508114667
1131,1131,154,190,126,1.177946,1.487286,0.562472,1.156585,1.516427,0.551186,1.148793,1.479868,0.548444,LeftLegsJoint,0.000561,1.161108,1.494527,0.554034
1132,1132,574,550,508,1.521294,1.210835,0.57653,1.519313,1.199955,0.609406,1.516847,1.21256,0.592586,R.Hand,0.000132,1.519151333,1.207783333,0.592840667
1133,1133,316,386,556,1.541833,1.212619,0.561628,1.549279,1.217754,0.560236,1.541795,1.199928,0.582252,R.Hand,1e-04,1.544302333,1.210100333,0.568038667
1134,1134,723,338,275,1.308076,1.192696,0.520766,1.316705,1.181529,0.545824,1.307781,1.215226,0.529991,R.front_thigh,0.00035,1.310854,1.196483667,0.532193667
1135,1135,529,122,221,1.213995,1.513714,0.47818,1.217098,1.516365,0.481762,1.226923,1.493179,0.482136,LeftLegsJoint,6.68e-05,1.219338667,1.507752667,0.480692667
1136,1136,519,587,504,1.182337,1.621477,0.146347,1.167362,1.609191,0.142359,1.178195,1.618668,0.099889,L.foot,0.00044,1.175964667,1.616445333,0.129531667
1137,1137,305,720,549,1.402801,0.984889,0.483068,1.416682,1.042272,0.463382,1.431894,1.03085,0.484156,R.Back_thigh,0.000766,1.417125667,1.019337,0.476868667
1138,1138,721,717,670,1.382019,1.41064,0.457983,1.399148,1.450193,0.482321,1.4335,1.420216,0.471177,R.Back_thigh,0.00108,1.404889,1.427016333,0.470493667
1139,1139,722,723,275,1.311931,1.210669,0.502726,1.308076,1.192696,0.520766,1.307781,1.215226,0.529991,R.Back_thigh,0.00029,1.309262667,1.206197,0.517827667
1140,1140,575,336,338,1.321774,1.1487,0.528829,1.330677,1.144517,0.55675,1.316705,1.181529,0.545824,R.front_thigh,0.000533,1.323052,1.158248667,0.543801
1141,1141,702,724,725,1.209612,1.563375,0.266679,1.215626,1.509943,0.353651,1.200697,1.549606,0.265413,L.foreleg,0.000791,1.208645,1.540974667,0.295247667
1142,1142,683,435,604,1.212547,1.457239,0.510969,1.224452,1.470806,0.533888,1.208392,1.457784,0.534034,LeftLegsJoint,0.00024,1.215130333,1.461943,0.526297
1143,1143,603,687,602,1.229785,1.471226,0.508237,1.233997,1.487583,0.505469,1.234002,1.486802,0.509327,LeftLegsJoint,3.16e-05,1.232594667,1.481870333,0.507677667
1144,1144,726,727,197,1.113705,1.800526,0.116483,1.084503,1.793848,0.124361,1.093522,1.839764,0.149241,L.foot,0.000799,1.097243333,1.811379333,0.130028333
1145,1145,166,253,254,1.115461,1.204528,0.48155,1.127495,1.068189,0.477932,1.109245,1.097713,0.498239,L.Back_thigh,0.00171,1.117400333,1.123476667,0.485907
1146,1146,524,536,728,1.236371,1.516784,0.446894,1.214902,1.492725,0.468105,1.211174,1.467676,0.450691,L.foreleg,0.000572,1.220815667,1.492395,0.45523
1147,1147,536,529,221,1.214902,1.492725,0.468105,1.213995,1.513714,0.47818,1.226923,1.493179,0.482136,LeftLegsJoint,0.000204,1.218606667,1.499872667,0.476140333
1148,1148,517,729,662,1.19353,1.646354,0.09537,1.16572,1.663789,0.077753,1.188864,1.667232,0.090921,L.foot,0.000289,1.182704667,1.659125,0.088014667
1149,1149,504,587,350,1.178195,1.618668,0.099889,1.167362,1.609191,0.142359,1.155245,1.608924,0.134079,L.foot,0.000311,1.166934,1.612261,0.125442333
1150,1150,717,564,361,1.399148,1.450193,0.482321,1.361437,1.434552,0.480633,1.371688,1.459596,0.532223,R.Back_thigh,0.00111,1.377424333,1.448113667,0.498392333
1151,1151,517,505,729,1.19353,1.646354,0.09537,1.150556,1.62308,0.076319,1.16572,1.663789,0.077753,L.foot,0.000799,1.169935333,1.644407667,0.083147333
1152,1152,730,726,731,1.144139,1.705228,0.087307,1.113705,1.800526,0.116483,1.147127,1.806288,0.12437,L.foot,0.00181,1.134990333,1.770680667,0.109386667
1153,1153,219,732,710,1.216963,0.984539,0.463381,1.281301,1.008846,0.445624,1.313357,0.982428,0.453853,Back_side,0.00136,1.270540333,0.991937667,0.454286
1154,1154,16,200,713,1.414067,1.452031,0.550837,1.444582,1.504453,0.534176,1.405263,1.473736,0.565863,RightLegsJoint,0.000819,1.421304,1.47674,0.550292
1155,1155,604,155,538,1.208392,1.457784,0.534034,1.205064,1.470193,0.553228,1.177146,1.460035,0.552255,LeftLegsJoint,0.000342,1.196867333,1.462670667,0.546505667
1156,1156,637,451,656,1.212371,1.591481,0.288548,1.226015,1.559046,0.342835,1.22011,1.550089,0.310062,L.foreleg,0.000793,1.219498667,1.566872,0.313815
1157,1157,733,726,197,1.12296,1.85217,0.151028,1.113705,1.800526,0.116483,1.093522,1.839764,0.149241,L.foot,0.000879,1.110062333,1.83082,0.138917333
1158,1158,731,695,730,1.147127,1.806288,0.12437,1.178917,1.703197,0.107289,1.144139,1.705228,0.087307,L.foot,0.00214,1.156727667,1.738237667,0.106322
1159,1159,324,223,68,1.170898,1.473493,0.465718,1.138661,1.472142,0.490302,1.151398,1.485724,0.470395,LeftLegsJoint,0.000308,1.153652333,1.477119667,0.475471667
1160,1160,734,735,736,1.337119,1.245365,0.47851,1.415875,1.132103,0.46737,1.403478,1.137489,0.46841,R.Back_thigh,0.000492,1.385490667,1.171652333,0.47143
1161,1161,461,737,553,1.442868,1.193275,0.474114,1.443009,1.287855,0.480829,1.458775,1.304886,0.495844,R.Back_thigh,0.000991,1.448217333,1.262005333,0.483595667
1162,1162,435,155,604,1.224452,1.470806,0.533888,1.205064,1.470193,0.553228,1.208392,1.457784,0.534034,LeftLegsJoint,0.000233,1.212636,1.466261,0.540383333
1163,1163,489,725,739,1.183015,1.540805,0.260242,1.200697,1.549606,0.265413,1.185174,1.519961,0.297356,L.foreleg,0.000434,1.189628667,1.536790667,0.274337
1164,1164,318,809,199,1.437844,1.507491,0.489461,1.451482,1.518692,0.478033,1.436944,1.524839,0.512042,R.foreleg,0.000297,1.44209,1.517007333,0.493178667
1165,1165,716,740,118,1.125591,1.42651,0.485698,1.137395,1.401496,0.469841,1.111814,1.291726,0.495909,L.Back_thigh,0.00154,1.124933333,1.373244,0.483816
1166,1166,274,369,368,1.316079,1.264335,0.501262,1.315955,1.274171,0.50999,1.332383,1.364469,0.493043,R.Back_thigh,0.00049,1.321472333,1.300991667,0.501431667
1167,1167,733,197,72,1.12296,1.85217,0.151028,1.093522,1.839764,0.149241,1.123918,1.852403,0.174519,L.foot,0.000374,1.113466667,1.848112333,0.158262667
1168,1168,258,716,224,1.154526,1.453006,0.489649,1.125591,1.42651,0.485698,1.145213,1.456353,0.511504,L.Back_thigh,0.000471,1.141776667,1.445289667,0.495617
1169,1169,553,737,580,1.458775,1.304886,0.495844,1.443009,1.287855,0.480829,1.440936,1.35996,0.473705,R.Back_thigh,0.000841,1.447573333,1.317567,0.483459333
1170,1170,683,603,435,1.212547,1.457239,0.510969,1.229785,1.471226,0.508237,1.224452,1.470806,0.533888,LeftLegsJoint,0.000281,1.222261333,1.466423667,0.517698
1171,1171,609,118,120,1.108684,1.352173,0.52041,1.111814,1.291726,0.495909,1.102518,1.281609,0.527852,L.Back_thigh,0.00113,1.107672,1.308502667,0.514723667
1172,1172,742,735,720,1.379553,1.03757,0.451896,1.415875,1.132103,0.46737,1.416682,1.042272,0.463382,R.Back_thigh,0.00175,1.404036667,1.070648333,0.460882667
1173,1173,710,680,304,1.313357,0.982428,0.453853,1.354925,0.997071,0.458157,1.364132,0.974339,0.475766,Back_side,0.000666,1.344138,0.984612667,0.462592
1174,1174,770,771,758,1.150924,1.240006,0.465594,1.192471,1.414214,0.459789,1.19143,1.242777,0.466276,L.Back_thigh,0.00347,1.178275,1.298999,0.463886333
1175,1175,656,724,702,1.22011,1.550089,0.310062,1.215626,1.509943,0.353651,1.209612,1.563375,0.266679,L.foreleg,0.000709,1.215116,1.541135667,0.310130667
1176,1176,729,505,615,1.16572,1.663789,0.077753,1.150556,1.62308,0.076319,1.130804,1.642323,0.074957,L.foot,0.00055,1.149026667,1.643064,0.076343
1177,1177,727,689,520,1.084503,1.793848,0.124361,1.095953,1.723761,0.102824,1.08334,1.751374,0.124283,L.foot,0.000536,1.087932,1.756327667,0.117156
1178,1178,743,744,745,1.207108,1.15399,0.483471,1.244376,1.127002,0.505655,1.242524,1.116883,0.490447,L.Back_thigh,0.000464,1.231336,1.132625,0.493191
1179,1179,461,553,85,1.442868,1.193275,0.474114,1.458775,1.304886,0.495844,1.463352,1.20463,0.501655,R.Back_thigh,0.00176,1.454998333,1.234263667,0.490537667
1180,1180,219,710,348,1.216963,0.984539,0.463381,1.313357,0.982428,0.453853,1.283135,0.97238,0.460577,Back_side,0.000549,1.271151667,0.979782333,0.459270333
1181,1181,358,357,132,1.152433,0.998754,0.473445,1.120579,1.003408,0.516254,1.119392,1.029357,0.502621,L.Back_thigh,0.000756,1.130801333,1.010506333,0.49744
1182,1182,666,746,557,1.257241,1.204195,0.514426,1.246195,1.217248,0.494473,1.24465,1.312964,0.495741,L.Back_thigh,0.00109,1.249362,1.244802333,0.501546667
1183,1183,722,275,274,1.311931,1.210669,0.502726,1.307781,1.215226,0.529991,1.316079,1.264335,0.501262,R.Back_thigh,0.000747,1.311930333,1.230076667,0.511326333
1184,1184,747,576,575,1.328059,1.158066,0.506182,1.316271,1.135566,0.512757,1.321774,1.1487,0.528829,R.Back_thigh,0.000251,1.322034667,1.147444,0.515922667
1185,1185,748,749,732,1.193121,1.057548,0.4576,1.341089,1.059025,0.453249,1.281301,1.008846,0.445624,Back_side,0.00374,1.271837,1.041806333,0.452157667
1186,1186,662,730,695,1.188864,1.667232,0.090921,1.144139,1.705228,0.087307,1.178917,1.703197,0.107289,L.foot,0.000817,1.17064,1.691885667,0.095172333
1187,1187,744,660,745,1.244376,1.127002,0.505655,1.286608,1.125057,0.490186,1.242524,1.116883,0.490447,Pelvis,0.000404,1.257836,1.122980667,0.495429333
1188,1188,397,390,661,1.159115,1.533113,0.49036,1.144925,1.509889,0.483086,1.146887,1.521835,0.489717,LeftLegsJoint,8.1e-05,1.150309,1.521612333,0.487721
1189,1189,681,750,683,1.20479,1.450967,0.486583,1.211043,1.47027,0.475411,1.212547,1.457239,0.510969,LeftLegsJoint,0.000301,1.20946,1.459492,0.490987667
1190,1190,715,733,72,1.151194,1.849727,0.168377,1.12296,1.85217,0.151028,1.123918,1.852403,0.174519,L.foot,0.000325,1.132690667,1.851433333,0.164641333
1191,1191,517,504,505,1.19353,1.646354,0.09537,1.178195,1.618668,0.099889,1.150556,1.62308,0.076319,L.foot,0.000577,1.174093667,1.629367333,0.090526
1192,1192,741,442,744,1.238928,1.158816,0.513438,1.230764,1.143639,0.559987,1.244376,1.127002,0.505655,L.Back_thigh,0.000823,1.238022667,1.143152333,0.52636
1193,1193,536,221,750,1.214902,1.492725,0.468105,1.226923,1.493179,0.482136,1.211043,1.47027,0.475411,LeftLegsJoint,0.00022,1.217622667,1.485391333,0.475217333
1194,1194,489,587,725,1.183015,1.540805,0.260242,1.167362,1.609191,0.142359,1.200697,1.549606,0.265413,L.foreleg,0.00139,1.183691333,1.566534,0.222671333
1195,1195,223,324,258,1.138661,1.472142,0.490302,1.170898,1.473493,0.465718,1.154526,1.453006,0.489649,LeftLegsJoint,0.000438,1.154695,1.466213667,0.481889667
1196,1196,751,752,747,1.365753,1.15764,0.479457,1.354554,1.127088,0.480419,1.328059,1.158066,0.506182,R.Back_thigh,0.00072,1.349455333,1.147598,0.488686
1197,1197,682,753,681,1.209188,1.432076,0.468319,1.205977,1.455235,0.459546,1.20479,1.450967,0.486583,L.Back_thigh,0.000299,1.206651667,1.446092667,0.471482667
1198,1198,565,564,721,1.353531,1.417392,0.473194,1.361437,1.434552,0.480633,1.382019,1.41064,0.457983,R.Back_thigh,0.000335,1.365662333,1.420861333,0.470603333
1199,1199,202,738,201,1.359002,1.504165,0.486788,1.370503,1.489419,0.48952,1.346899,1.485757,0.51139,RightLegsJoint,0.000296,1.358801333,1.493113667,0.495899333
1200,1200,750,728,536,1.211043,1.47027,0.475411,1.211174,1.467676,0.450691,1.214902,1.492725,0.468105,LeftLegsJoint,0.000291,1.212373,1.476890333,0.464735667
1201,1201,461,754,737,1.442868,1.193275,0.474114,1.414893,1.291361,0.469458,1.443009,1.287855,0.480829,R.Back_thigh,0.00144,1.43359,1.257497,0.474800333
1202,1202,743,755,756,1.207108,1.15399,0.483471,1.209694,1.115647,0.477301,1.16836,1.160566,0.470593,L.Back_thigh,0.000793,1.195054,1.143401,0.477121667
1203,1203,488,587,489,1.168656,1.549426,0.240227,1.167362,1.609191,0.142359,1.183015,1.540805,0.260242,L.foreleg,0.000828,1.173011,1.566474,0.214276
1204,1204,118,609,716,1.111814,1.291726,0.495909,1.108684,1.352173,0.52041,1.125591,1.42651,0.485698,L.Back_thigh,0.00206,1.115363,1.356803,0.500672333
1205,1205,358,764,218,1.152433,0.998754,0.473445,1.165251,1.028903,0.461433,1.178312,0.969635,0.49816,L.Back_thigh,0.000686,1.165332,0.999097333,0.477679333
1206,1206,734,368,565,1.337119,1.245365,0.47851,1.332383,1.364469,0.493043,1.353531,1.417392,0.473194,R.Back_thigh,0.00209,1.341011,1.342408667,0.481582333
1207,1207,757,756,758,1.221283,1.235877,0.475378,1.16836,1.160566,0.470593,1.19143,1.242777,0.466276,L.Back_thigh,0.00137,1.193691,1.213073333,0.470749
1208,1208,169,759,170,1.23463,1.372036,0.48234,1.223254,1.345393,0.470652,1.226125,1.418068,0.474602,L.Back_thigh,0.000528,1.228003,1.378499,0.475864667
1209,1209,753,750,681,1.205977,1.455235,0.459546,1.211043,1.47027,0.475411,1.20479,1.450967,0.486583,LeftLegsJoint,0.00025,1.20727,1.458824,0.473846667
1210,1210,350,488,101,1.155245,1.608924,0.134079,1.168656,1.549426,0.240227,1.145097,1.567681,0.220566,L.foreleg,0.00132,1.156332667,1.575343667,0.198290667
1211,1211,731,726,733,1.147127,1.806288,0.12437,1.113705,1.800526,0.116483,1.12296,1.85217,0.151028,L.foot,0.001,1.127930667,1.819661333,0.130627
1212,1212,358,132,253,1.152433,0.998754,0.473445,1.119392,1.029357,0.502621,1.127495,1.068189,0.477932,L.Back_thigh,0.00125,1.133106667,1.0321,0.484666
1213,1213,749,719,736,1.341089,1.059025,0.453249,1.337907,1.097739,0.469347,1.403478,1.137489,0.46841,R.Back_thigh,0.00147,1.360824667,1.098084333,0.463668667
1214,1214,761,660,719,1.241712,1.085708,0.467208,1.286608,1.125057,0.490186,1.337907,1.097739,0.469347,Back_side,0.00194,1.288742333,1.102834667,0.475580333
1215,1215,755,762,756,1.209694,1.115647,0.477301,1.190024,1.101275,0.46827,1.16836,1.160566,0.470593,L.Back_thigh,0.00079,1.189359333,1.125829333,0.472054667
1216,1216,659,724,671,1.23465,1.503542,0.420192,1.215626,1.509943,0.353651,1.228124,1.523149,0.36956,L.foreleg,0.000581,1.226133333,1.512211333,0.381134333
1217,1217,739,772,642,1.185174,1.519961,0.297356,1.191622,1.47127,0.417224,1.169474,1.500371,0.336625,L.foreleg,0.00118,1.18209,1.497200667,0.350401667
1218,1218,382,725,519,1.196817,1.600163,0.205153,1.200697,1.549606,0.265413,1.182337,1.621477,0.146347,L.foreleg,0.00096,1.193283667,1.590415333,0.205637667
1219,1219,730,729,615,1.144139,1.705228,0.087307,1.16572,1.663789,0.077753,1.130804,1.642323,0.074957,L.foot,0.000976,1.146887667,1.670446667,0.080005667
1220,1220,686,731,715,1.163916,1.818901,0.153914,1.147127,1.806288,0.12437,1.151194,1.849727,0.168377,L.foot,0.000586,1.154079,1.824972,0.148887
1221,1221,715,731,733,1.151194,1.849727,0.168377,1.147127,1.806288,0.12437,1.12296,1.85217,0.151028,L.foot,0.000954,1.140427,1.836061667,0.147925
1222,1222,198,727,520,1.078287,1.811376,0.16052,1.084503,1.793848,0.124361,1.08334,1.751374,0.124283,L.foot,0.000781,1.082043333,1.785532667,0.136388
1223,1223,689,763,615,1.095953,1.723761,0.102824,1.108638,1.723198,0.094398,1.130804,1.642323,0.074957,L.foot,0.000608,1.111798333,1.696427333,0.090726333
1224,1224,358,253,764,1.152433,0.998754,0.473445,1.127495,1.068189,0.477932,1.165251,1.028903,0.461433,L.Back_thigh,0.000961,1.148393,1.031948667,0.470936667
1225,1225,765,740,716,1.167547,1.441133,0.457385,1.137395,1.401496,0.469841,1.125591,1.42651,0.485698,L.Back_thigh,0.000789,1.143511,1.423046333,0.470974667
1226,1226,753,766,728,1.205977,1.455235,0.459546,1.195924,1.458458,0.439297,1.211174,1.467676,0.450691,L.foreleg,0.000164,1.204358333,1.460456333,0.449844667
1227,1227,737,767,580,1.443009,1.287855,0.480829,1.410046,1.387066,0.457341,1.440936,1.35996,0.473705,R.Back_thigh,0.0012,1.431330333,1.344960333,0.470625
1228,1228,767,768,769,1.410046,1.387066,0.457341,1.392818,1.309243,0.465973,1.365221,1.331155,0.467918,R.Back_thigh,0.00128,1.389361667,1.342488,0.463744
1229,1229,771,770,765,1.192471,1.414214,0.459789,1.150924,1.240006,0.465594,1.167547,1.441133,0.457385,L.Back_thigh,0.00274,1.170314,1.365117667,0.460922667
1230,1230,753,728,750,1.205977,1.455235,0.459546,1.211174,1.467676,0.450691,1.211043,1.47027,0.475411,LeftLegsJoint,0.000177,1.209398,1.464393667,0.461882667
1231,1231,197,727,198,1.093522,1.839764,0.149241,1.084503,1.793848,0.124361,1.078287,1.811376,0.16052,L.foot,0.000694,1.085437333,1.814996,0.144707333
1232,1232,325,132,357,1.117383,1.005541,0.52499,1.119392,1.029357,0.502621,1.120579,1.003408,0.516254,L.Back_thigh,0.000137,1.119118,1.012768667,0.514621667
1233,1233,765,760,740,1.167547,1.441133,0.457385,1.125796,1.251997,0.473954,1.137395,1.401496,0.469841,L.Back_thigh,0.0022,1.143579333,1.364875333,0.46706
1234,1234,764,732,219,1.165251,1.028903,0.461433,1.281301,1.008846,0.445624,1.216963,0.984539,0.463381,Back_side,0.00215,1.221171667,1.007429333,0.456812667
1235,1235,750,221,603,1.211043,1.47027,0.475411,1.226923,1.493179,0.482136,1.229785,1.471226,0.508237,LeftLegsJoint,0.00047,1.222583667,1.478225,0.488594667
1236,1236,720,461,460,1.416682,1.042272,0.463382,1.442868,1.193275,0.474114,1.443215,1.103868,0.478863,R.Back_thigh,0.00146,1.434255,1.113138333,0.472119667
1237,1237,382,519,518,1.196817,1.600163,0.205153,1.182337,1.621477,0.146347,1.189945,1.64941,0.147707,L.foreleg,0.000908,1.189699667,1.623683333,0.166402333
1238,1238,736,735,749,1.403478,1.137489,0.46841,1.415875,1.132103,0.46737,1.341089,1.059025,0.453249,R.Back_thigh,0.000666,1.386814,1.109539,0.463009667
1239,1239,729,730,662,1.16572,1.663789,0.077753,1.144139,1.705228,0.087307,1.188864,1.667232,0.090921,L.foot,0.00063,1.166241,1.678749667,0.085327
1240,1240,324,479,766,1.170898,1.473493,0.465718,1.172248,1.46163,0.43981,1.195924,1.458458,0.439297,L.foreleg,0.000338,1.17969,1.464527,0.448275
1241,1241,131,200,16,1.450039,1.489946,0.513106,1.444582,1.504453,0.534176,1.414067,1.452031,0.550837,RightLegsJoint,0.000814,1.436229333,1.482143333,0.532706333
1242,1242,757,759,746,1.221283,1.235877,0.475378,1.223254,1.345393,0.470652,1.246195,1.217248,0.494473,L.Back_thigh,0.00171,1.230244,1.266172667,0.480167667
1243,1243,758,771,759,1.19143,1.242777,0.466276,1.192471,1.414214,0.459789,1.223254,1.345393,0.470652,L.Back_thigh,0.00277,1.202385,1.334128,0.465572333
1244,1244,742,680,710,1.379553,1.03757,0.451896,1.354925,0.997071,0.458157,1.313357,0.982428,0.453853,Back_side,0.000699,1.349278333,1.005689667,0.454635333
1245,1245,660,576,719,1.286608,1.125057,0.490186,1.316271,1.135566,0.512757,1.337907,1.097739,0.469347,Pelvis,0.00113,1.313595333,1.119454,0.490763333
1246,1246,809,810,199,1.451482,1.518692,0.478033,1.440015,1.546869,0.486312,1.436944,1.524839,0.512042,R.foreleg,0.000503,1.442813667,1.530133333,0.492129
1247,1247,442,741,474,1.230764,1.143639,0.559987,1.238928,1.158816,0.513438,1.251246,1.180911,0.547429,L.Back_thigh,0.000882,1.240312667,1.161122,0.540284667
1248,1248,759,771,170,1.223254,1.345393,0.470652,1.192471,1.414214,0.459789,1.226125,1.418068,0.474602,L.Back_thigh,0.00133,1.21395,1.392558333,0.468347667
1249,1249,727,726,763,1.084503,1.793848,0.124361,1.113705,1.800526,0.116483,1.108638,1.723198,0.094398,L.foot,0.00122,1.102282,1.772524,0.111747333
1250,1250,720,735,461,1.416682,1.042272,0.463382,1.415875,1.132103,0.46737,1.442868,1.193275,0.474114,R.Back_thigh,0.00125,1.425141667,1.12255,0.468288667
1251,1251,718,69,631,1.429314,1.462555,0.483596,1.405851,1.472919,0.47553,1.420433,1.491459,0.486708,RightLegsJoint,0.00033,1.418532667,1.475644333,0.481944667
1252,1252,603,221,687,1.229785,1.471226,0.508237,1.226923,1.493179,0.482136,1.233997,1.487583,0.505469,LeftLegsJoint,0.000205,1.230235,1.483996,0.498614
1253,1253,565,368,537,1.353531,1.417392,0.473194,1.332383,1.364469,0.493043,1.337381,1.422888,0.506657,R.Back_thigh,0.00108,1.341098333,1.401583,0.490964667
1254,1254,767,670,580,1.410046,1.387066,0.457341,1.4335,1.420216,0.471177,1.440936,1.35996,0.473705,R.Back_thigh,0.000948,1.428160667,1.389080667,0.467407667
1255,1255,767,721,670,1.410046,1.387066,0.457341,1.382019,1.41064,0.457983,1.4335,1.420216,0.471177,R.Back_thigh,0.000783,1.408521667,1.405974,0.462167
1256,1256,724,659,728,1.215626,1.509943,0.353651,1.23465,1.503542,0.420192,1.211174,1.467676,0.450691,L.foreleg,0.00159,1.220483333,1.493720333,0.408178
1257,1257,726,730,763,1.113705,1.800526,0.116483,1.144139,1.705228,0.087307,1.108638,1.723198,0.094398,L.foot,0.00148,1.122160667,1.742984,0.099396
1258,1258,747,575,723,1.328059,1.158066,0.506182,1.321774,1.1487,0.528829,1.308076,1.192696,0.520766,R.Back_thigh,0.000534,1.319303,1.166487333,0.518592333
1259,1259,524,728,659,1.236371,1.516784,0.446894,1.211174,1.467676,0.450691,1.23465,1.503542,0.420192,L.foreleg,0.000771,1.227398333,1.496000667,0.439259
1260,1260,634,131,16,1.433888,1.451399,0.521775,1.450039,1.489946,0.513106,1.414067,1.452031,0.550837,RightLegsJoint,0.000699,1.432664667,1.464458667,0.528572667
1261,1261,734,722,274,1.337119,1.245365,0.47851,1.311931,1.210669,0.502726,1.316079,1.264335,0.501262,R.Back_thigh,0.000869,1.321709667,1.240123,0.494166
1262,1262,731,686,709,1.147127,1.806288,0.12437,1.163916,1.818901,0.153914,1.171334,1.766857,0.125273,L.foot,0.000838,1.160792333,1.797348667,0.134519
1263,1263,735,769,768,1.415875,1.132103,0.46737,1.365221,1.331155,0.467918,1.392818,1.309243,0.465973,R.Back_thigh,0.0022,1.391304667,1.257500333,0.467087
1264,1264,761,719,749,1.241712,1.085708,0.467208,1.337907,1.097739,0.469347,1.341089,1.059025,0.453249,Back_side,0.00204,1.306902667,1.080824,0.463268
1265,1265,770,760,765,1.150924,1.240006,0.465594,1.125796,1.251997,0.473954,1.167547,1.441133,0.457385,L.Back_thigh,0.00277,1.148089,1.311045333,0.465644333
1266,1266,313,642,772,1.161,1.470521,0.41516,1.169474,1.500371,0.336625,1.191622,1.47127,0.417224,L.foreleg,0.00129,1.174032,1.480720667,0.389669667
1267,1267,695,731,709,1.178917,1.703197,0.107289,1.147127,1.806288,0.12437,1.171334,1.766857,0.125273,L.foot,0.000763,1.165792667,1.758780667,0.118977333
1268,1268,449,720,305,1.390475,0.994491,0.465589,1.416682,1.042272,0.463382,1.402801,0.984889,0.483068,R.Back_thigh,0.000633,1.403319333,1.007217333,0.470679667
1269,1269,769,735,734,1.365221,1.331155,0.467918,1.415875,1.132103,0.46737,1.337119,1.245365,0.47851,R.Back_thigh,0.00509,1.372738333,1.236207667,0.471266
1270,1270,724,772,739,1.215626,1.509943,0.353651,1.191622,1.47127,0.417224,1.185174,1.519961,0.297356,L.foreleg,0.00195,1.197474,1.500391333,0.356077
1271,1271,767,769,721,1.410046,1.387066,0.457341,1.365221,1.331155,0.467918,1.382019,1.41064,0.457983,R.Back_thigh,0.00133,1.385762,1.376287,0.461080667
1272,1272,682,170,771,1.209188,1.432076,0.468319,1.226125,1.418068,0.474602,1.192471,1.414214,0.459789,L.Back_thigh,0.000293,1.209261333,1.421452667,0.46757
1273,1273,728,772,724,1.211174,1.467676,0.450691,1.191622,1.47127,0.417224,1.215626,1.509943,0.353651,L.foreleg,0.00123,1.206140667,1.482963,0.407188667
1274,1274,734,751,722,1.337119,1.245365,0.47851,1.365753,1.15764,0.479457,1.311931,1.210669,0.502726,R.Back_thigh,0.00195,1.338267667,1.204558,0.486897667
1275,1275,749,742,732,1.341089,1.059025,0.453249,1.379553,1.03757,0.451896,1.281301,1.008846,0.445624,Back_side,0.00162,1.333981,1.035147,0.450256333
1276,1276,725,587,519,1.200697,1.549606,0.265413,1.167362,1.609191,0.142359,1.182337,1.621477,0.146347,L.foreleg,0.00139,1.183465333,1.593424667,0.184706333
1277,1277,745,755,743,1.242524,1.116883,0.490447,1.209694,1.115647,0.477301,1.207108,1.15399,0.483471,L.Back_thigh,0.000688,1.219775333,1.12884,0.483739667
1278,1278,727,763,689,1.084503,1.793848,0.124361,1.108638,1.723198,0.094398,1.095953,1.723761,0.102824,L.foot,0.000535,1.096364667,1.746935667,0.107194333
1279,1279,368,734,274,1.332383,1.364469,0.493043,1.337119,1.245365,0.47851,1.316079,1.264335,0.501262,R.Back_thigh,0.00172,1.328527,1.291389667,0.490938333
1280,1280,449,742,720,1.390475,0.994491,0.465589,1.379553,1.03757,0.451896,1.416682,1.042272,0.463382,R.Back_thigh,0.000892,1.39557,1.024777667,0.460289
1281,1281,721,564,717,1.382019,1.41064,0.457983,1.361437,1.434552,0.480633,1.399148,1.450193,0.482321,R.Back_thigh,0.000772,1.380868,1.431795,0.473645667
1282,1282,746,666,741,1.246195,1.217248,0.494473,1.257241,1.204195,0.514426,1.238928,1.158816,0.513438,L.Back_thigh,0.000616,1.247454667,1.193419667,0.507445667
1283,1283,761,748,755,1.241712,1.085708,0.467208,1.193121,1.057548,0.4576,1.209694,1.115647,0.477301,L.Back_thigh,0.00124,1.214842333,1.086301,0.467369667
1284,1284,771,765,682,1.192471,1.414214,0.459789,1.167547,1.441133,0.457385,1.209188,1.432076,0.468319,L.Back_thigh,0.000476,1.189735333,1.429141,0.461831
1285,1285,118,760,166,1.111814,1.291726,0.495909,1.125796,1.251997,0.473954,1.115461,1.204528,0.48155,L.Back_thigh,0.000862,1.117690333,1.249417,0.483804333
1286,1286,754,735,768,1.414893,1.291361,0.469458,1.415875,1.132103,0.46737,1.392818,1.309243,0.465973,R.Back_thigh,0.00177,1.407862,1.244235667,0.467600333
1287,1287,683,750,603,1.212547,1.457239,0.510969,1.211043,1.47027,0.475411,1.229785,1.471226,0.508237,LeftLegsJoint,0.000404,1.217791667,1.466245,0.498205667
1288,1288,743,757,746,1.207108,1.15399,0.483471,1.221283,1.235877,0.475378,1.246195,1.217248,0.494473,L.Back_thigh,0.00137,1.224862,1.202371667,0.484440667
1289,1289,575,338,723,1.321774,1.1487,0.528829,1.316705,1.181529,0.545824,1.308076,1.192696,0.520766,R.front_thigh,0.000536,1.315518333,1.174308333,0.531806333
1290,1290,258,765,716,1.154526,1.453006,0.489649,1.167547,1.441133,0.457385,1.125591,1.42651,0.485698,L.Back_thigh,0.000724,1.149221333,1.440216333,0.477577333
1291,1291,741,666,474,1.238928,1.158816,0.513438,1.257241,1.204195,0.514426,1.251246,1.180911,0.547429,L.Back_thigh,0.000823,1.249138333,1.181307333,0.525097667
1292,1292,754,461,735,1.414893,1.291361,0.469458,1.442868,1.193275,0.474114,1.415875,1.132103,0.46737,R.Back_thigh,0.00223,1.424545333,1.205579667,0.470314
1293,1293,741,743,746,1.238928,1.158816,0.513438,1.207108,1.15399,0.483471,1.246195,1.217248,0.494473,L.Back_thigh,0.00136,1.230743667,1.176684667,0.497127333
1294,1294,754,768,767,1.414893,1.291361,0.469458,1.392818,1.309243,0.465973,1.410046,1.387066,0.457341,R.Back_thigh,0.00102,1.405919,1.329223333,0.464257333
1295,1295,746,169,557,1.246195,1.217248,0.494473,1.23463,1.372036,0.48234,1.24465,1.312964,0.495741,L.Back_thigh,0.000806,1.241825,1.300749333,0.490851333
1296,1296,721,769,565,1.382019,1.41064,0.457983,1.365221,1.331155,0.467918,1.353531,1.417392,0.473194,R.Back_thigh,0.00135,1.366923667,1.386395667,0.466365
1297,1297,660,761,745,1.286608,1.125057,0.490186,1.241712,1.085708,0.467208,1.242524,1.116883,0.490447,Pelvis,0.00086,1.256948,1.109216,0.482613667
1298,1298,720,460,549,1.416682,1.042272,0.463382,1.443215,1.103868,0.478863,1.431894,1.03085,0.484156,R.Back_thigh,0.000969,1.430597,1.058996667,0.475467
1299,1299,756,764,166,1.16836,1.160566,0.470593,1.165251,1.028903,0.461433,1.115461,1.204528,0.48155,L.Back_thigh,0.0036,1.149690667,1.131332333,0.471192
1300,1300,759,757,758,1.223254,1.345393,0.470652,1.221283,1.235877,0.475378,1.19143,1.242777,0.466276,L.Back_thigh,0.00171,1.211989,1.274682333,0.470768667
1301,1301,754,767,737,1.414893,1.291361,0.469458,1.410046,1.387066,0.457341,1.443009,1.287855,0.480829,R.Back_thigh,0.00144,1.422649333,1.322094,0.469209333
1302,1302,769,734,565,1.365221,1.331155,0.467918,1.337119,1.245365,0.47851,1.353531,1.417392,0.473194,R.Back_thigh,0.00184,1.351957,1.331304,0.473207333
1303,1303,762,755,748,1.190024,1.101275,0.46827,1.209694,1.115647,0.477301,1.193121,1.057548,0.4576,L.Back_thigh,0.000483,1.197613,1.09149,0.467723667
1304,1304,748,732,764,1.193121,1.057548,0.4576,1.281301,1.008846,0.445624,1.165251,1.028903,0.461433,Back_side,0.00196,1.213224333,1.031765667,0.454885667
1305,1305,762,764,756,1.190024,1.101275,0.46827,1.165251,1.028903,0.461433,1.16836,1.160566,0.470593,L.Back_thigh,0.00153,1.174545,1.096914667,0.466765333
1306,1306,746,759,169,1.246195,1.217248,0.494473,1.223254,1.345393,0.470652,1.23463,1.372036,0.48234,L.Back_thigh,0.00149,1.234693,1.311559,0.482488333
1307,1307,722,751,747,1.311931,1.210669,0.502726,1.365753,1.15764,0.479457,1.328059,1.158066,0.506182,R.Back_thigh,0.00125,1.335247667,1.175458333,0.496121667
1308,1308,758,756,770,1.19143,1.242777,0.466276,1.16836,1.160566,0.470593,1.150924,1.240006,0.465594,L.Back_thigh,0.00164,1.170238,1.214449667,0.467487667
1309,1309,324,766,753,1.170898,1.473493,0.465718,1.195924,1.458458,0.439297,1.205977,1.455235,0.459546,L.foreleg,0.000434,1.190933,1.462395333,0.454853667
1310,1310,313,772,766,1.161,1.470521,0.41516,1.191622,1.47127,0.417224,1.195924,1.458458,0.439297,L.foreleg,0.000388,1.182848667,1.466749667,0.423893667
1311,1311,764,253,166,1.165251,1.028903,0.461433,1.127495,1.068189,0.477932,1.115461,1.204528,0.48155,L.Back_thigh,0.00256,1.136069,1.10054,0.473638333
1312,1312,751,736,752,1.365753,1.15764,0.479457,1.403478,1.137489,0.46841,1.354554,1.127088,0.480419,R.Back_thigh,0.000713,1.374595,1.140739,0.476095333
1313,1313,739,725,724,1.185174,1.519961,0.297356,1.200697,1.549606,0.265413,1.215626,1.509943,0.353651,L.foreleg,0.00126,1.200499,1.526503333,0.305473333
1314,1314,753,258,324,1.205977,1.455235,0.459546,1.154526,1.453006,0.489649,1.170898,1.473493,0.465718,LeftLegsJoint,0.000689,1.177133667,1.460578,0.471637667
1315,1315,218,764,219,1.178312,0.969635,0.49816,1.165251,1.028903,0.461433,1.216963,0.984539,0.463381,Back_side,0.00173,1.186842,0.994359,0.474324667
1316,1316,752,736,719,1.354554,1.127088,0.480419,1.403478,1.137489,0.46841,1.337907,1.097739,0.469347,R.Back_thigh,0.000769,1.365313,1.120772,0.472725333
1317,1317,748,761,749,1.193121,1.057548,0.4576,1.241712,1.085708,0.467208,1.341089,1.059025,0.453249,Back_side,0.00221,1.258640667,1.067427,0.459352333
1318,1318,724,656,671,1.215626,1.509943,0.353651,1.22011,1.550089,0.310062,1.228124,1.523149,0.36956,L.foreleg,0.000716,1.221286667,1.527727,0.344424333
1319,1319,749,735,742,1.341089,1.059025,0.453249,1.415875,1.132103,0.46737,1.379553,1.03757,0.451896,R.Back_thigh,0.00223,1.378839,1.076232667,0.457505
1320,1320,166,760,770,1.115461,1.204528,0.48155,1.125796,1.251997,0.473954,1.150924,1.240006,0.465594,L.Back_thigh,0.000704,1.130727,1.232177,0.473699333
1321,1321,747,752,576,1.328059,1.158066,0.506182,1.354554,1.127088,0.480419,1.316271,1.135566,0.512757,R.Back_thigh,0.000623,1.332961333,1.14024,0.499786
1322,1322,642,313,251,1.169474,1.500371,0.336625,1.161,1.470521,0.41516,1.144098,1.498566,0.358814,L.foreleg,0.00101,1.158190667,1.489819333,0.370199667
1323,1323,739,642,100,1.185174,1.519961,0.297356,1.169474,1.500371,0.336625,1.157383,1.515278,0.305001,L.foreleg,0.00054,1.170677,1.51187,0.312994
1324,1324,634,130,131,1.433888,1.451399,0.521775,1.447531,1.476885,0.500476,1.450039,1.489946,0.513106,RightLegsJoint,0.000326,1.443819333,1.472743333,0.511785667
1325,1325,740,760,118,1.137395,1.401496,0.469841,1.125796,1.251997,0.473954,1.111814,1.291726,0.495909,L.Back_thigh,0.00215,1.125001667,1.315073,0.479901333
1326,1326,728,766,772,1.211174,1.467676,0.450691,1.195924,1.458458,0.439297,1.191622,1.47127,0.417224,L.foreleg,0.000255,1.199573333,1.465801333,0.435737333
1327,1327,753,682,765,1.205977,1.455235,0.459546,1.209188,1.432076,0.468319,1.167547,1.441133,0.457385,L.Back_thigh,0.000503,1.194237333,1.442814667,0.46175
1328,1328,742,710,732,1.379553,1.03757,0.451896,1.313357,0.982428,0.453853,1.281301,1.008846,0.445624,Back_side,0.0018,1.324737,1.009614667,0.450457667
1329,1329,258,753,765,1.154526,1.453006,0.489649,1.205977,1.455235,0.459546,1.167547,1.441133,0.457385,L.Back_thigh,0.000742,1.176016667,1.449791333,0.46886
1330,1330,770,756,166,1.150924,1.240006,0.465594,1.16836,1.160566,0.470593,1.115461,1.204528,0.48155,L.Back_thigh,0.00182,1.144915,1.2017,0.472579
1331,1331,730,615,763,1.144139,1.705228,0.087307,1.130804,1.642323,0.074957,1.108638,1.723198,0.094398,L.foot,0.00127,1.127860333,1.690249667,0.085554
1332,1332,722,747,723,1.311931,1.210669,0.502726,1.328059,1.158066,0.506182,1.308076,1.192696,0.520766,R.Back_thigh,0.00053,1.316022,1.187143667,0.509891333
1333,1333,576,752,719,1.316271,1.135566,0.512757,1.354554,1.127088,0.480419,1.337907,1.097739,0.469347,R.Back_thigh,0.000902,1.336244,1.120131,0.487507667
1334,1334,744,743,741,1.244376,1.127002,0.505655,1.207108,1.15399,0.483471,1.238928,1.158816,0.513438,L.Back_thigh,0.000722,1.230137333,1.146602667,0.500854667
1335,1335,762,748,764,1.190024,1.101275,0.46827,1.193121,1.057548,0.4576,1.165251,1.028903,0.461433,L.Back_thigh,0.00071,1.182798667,1.062575333,0.462434333
1336,1336,479,313,766,1.172248,1.46163,0.43981,1.161,1.470521,0.41516,1.195924,1.458458,0.439297,L.foreleg,0.00031,1.176390667,1.463536333,0.431422333
1337,1337,743,756,757,1.207108,1.15399,0.483471,1.16836,1.160566,0.470593,1.221283,1.235877,0.475378,L.Back_thigh,0.00173,1.198917,1.183477667,0.476480667
1338,1338,680,742,449,1.354925,0.997071,0.458157,1.379553,1.03757,0.451896,1.390475,0.994491,0.465589,Back_side,0.000791,1.374984333,1.009710667,0.458547333
1339,1339,734,736,751,1.337119,1.245365,0.47851,1.403478,1.137489,0.46841,1.365753,1.15764,0.479457,R.Back_thigh,0.00146,1.368783333,1.180164667,0.475459
1340,1340,745,761,755,1.242524,1.116883,0.490447,1.241712,1.085708,0.467208,1.209694,1.115647,0.477301,L.Back_thigh,0.000663,1.23131,1.106079333,0.478318667
1341,1341,38,193,347,1.292383,0.924309,0.776799,1.216465,0.936864,0.774095,1.266031,0.938636,0.697938,L.Side_back,0.00302,1.258293,0.933269667,0.749610667
1342,1342,653,171,589,1.026881,1.122362,0.767419,1.038402,1.094533,0.740471,1.033478,1.10005,0.754479,L.Fore_arm,0.000127,1.032920333,1.105648333,0.754123
1343,1343,653,589,650,1.026881,1.122362,0.767419,1.033478,1.10005,0.754479,1.034459,1.115114,0.77418,L.Fore_arm,0.000154,1.031606,1.112508667,0.765359333
1344,1344,600,413,653,1.044855,1.249585,0.650598,1.035748,1.247715,0.641632,1.026881,1.122362,0.767419,L.Fore_arm,0.00107,1.035828,1.206554,0.686549667
1345,1345,229,431,567,1.544983,1.10656,0.74858,1.550676,1.109345,0.731914,1.557299,1.155968,0.68287,R.Fore_arm,0.000353,1.550986,1.123957667,0.721121333
1346,1346,699,656,702,1.208841,1.595833,0.264573,1.22011,1.550089,0.310062,1.209612,1.563375,0.266679,L.foreleg,0.00071,1.212854333,1.569765667,0.280438
1347,1347,702,237,699,1.209612,1.563375,0.266679,1.201834,1.602984,0.226696,1.208841,1.595833,0.264573,L.foreleg,0.000617,1.206762333,1.587397333,0.252649333
1348,1348,637,656,699,1.212371,1.591481,0.288548,1.22011,1.550089,0.310062,1.208841,1.595833,0.264573,L.foreleg,0.000456,1.213774,1.579134333,0.287727667
1349,1349,167,699,237,1.196107,1.631647,0.234011,1.208841,1.595833,0.264573,1.201834,1.602984,0.226696,L.foreleg,0.00059,1.202260667,1.610154667,0.24176
1350,1350,699,167,637,1.208841,1.595833,0.264573,1.196107,1.631647,0.234011,1.212371,1.591481,0.288548,L.foreleg,0.000378,1.205773,1.606320333,0.262377333
1351,1351,456,450,637,1.195252,1.622325,0.291752,1.224951,1.568058,0.359973,1.212371,1.591481,0.288548,L.foreleg,0.0013,1.210858,1.593954667,0.313424333
1352,1352,480,81,80,1.187876,0.956607,0.700956,1.18911,0.949723,0.77289,1.174248,0.96933,0.761873,L.Side_back,0.000852,1.183744667,0.958553333,0.745239667
1353,1353,289,514,288,1.15353,0.974876,0.58836,1.167997,0.955484,0.564367,1.164399,0.980631,0.691714,Back_side,0.00129,1.161975333,0.970330333,0.614813667
1354,1354,288,481,480,1.164399,0.980631,0.691714,1.198548,0.950999,0.660762,1.187876,0.956607,0.700956,Back_side,0.000731,1.183607667,0.962745667,0.684477333
1355,1355,387,194,288,1.163976,0.983695,0.752091,1.156273,1.005901,0.743473,1.164399,0.980631,0.691714,L.Side_back,0.000723,1.161549333,0.990075667,0.729092667
1356,1356,288,194,684,1.164399,0.980631,0.691714,1.156273,1.005901,0.743473,1.14658,1.022133,0.684636,L.Side_back,0.00126,1.155750667,1.002888333,0.706607667
1357,1357,194,195,684,1.156273,1.005901,0.743473,1.152324,1.040733,0.731449,1.14658,1.022133,0.684636,L.Side_back,0.000939,1.151725667,1.022922333,0.719852667
1358,1358,684,195,392,1.14658,1.022133,0.684636,1.152324,1.040733,0.731449,1.151041,1.042441,0.675156,L.Side_back,0.000579,1.149981667,1.035102333,0.697080333
1359,1359,572,679,443,1.169031,1.079229,0.668866,1.164068,1.061467,0.666319,1.15626,1.06364,0.709369,Pelvis,0.000404,1.163119667,1.068112,0.681518
1360,1360,392,679,248,1.151041,1.042441,0.675156,1.164068,1.061467,0.666319,1.158942,1.021288,0.629449,Pelvis,0.000627,1.158017,1.041732,0.656974667
1361,1361,443,679,392,1.15626,1.06364,0.709369,1.164068,1.061467,0.666319,1.151041,1.042441,0.675156,Pelvis,0.000494,1.157123,1.055849333,0.683614667
1362,1362,347,445,38,1.266031,0.938636,0.697938,1.365534,0.944965,0.702668,1.292383,0.924309,0.776799,R.Side_back,0.00395,1.307982667,0.93597,0.725801667
1363,1363,445,149,38,1.365534,0.944965,0.702668,1.355588,0.927236,0.778271,1.292383,0.924309,0.776799,R.Side_back,0.00246,1.337835,0.93217,0.752579333
1364,1364,445,498,149,1.365534,0.944965,0.702668,1.395068,0.962854,0.708693,1.355588,0.927236,0.778271,R.Side_back,0.00137,1.372063333,0.945018333,0.729877333
1365,1365,498,385,415,1.395068,0.962854,0.708693,1.399547,0.953065,0.768574,1.385414,0.938927,0.778282,R.Side_back,0.000591,1.393343,0.951615333,0.751849667
1366,1366,498,497,335,1.395068,0.962854,0.708693,1.413057,0.986071,0.706641,1.408077,0.97357,0.740563,R.Side_back,0.000488,1.405400667,0.974165,0.718632333
1367,1367,497,558,314,1.413057,0.986071,0.706641,1.421526,1.010343,0.70066,1.418788,1.023457,0.723678,R.Side_back,0.000343,1.417790333,1.006623667,0.710326333
1368,1368,437,314,558,1.422099,1.033689,0.697893,1.418788,1.023457,0.723678,1.421526,1.010343,0.70066,R.Side_back,0.000289,1.420804333,1.022496333,0.707410333
1369,1369,691,676,700,1.341035,0.901264,1.26655,1.314974,0.893603,1.307397,1.315172,0.892292,1.280948,Crown,0.000364,1.323727,0.895719667,1.284965
1370,1370,676,688,700,1.314974,0.893603,1.307397,1.285755,0.892991,1.300667,1.315172,0.892292,1.280948,Crown,0.000388,1.305300333,0.892962,1.296337333
1371,1371,688,676,638,1.285755,0.892991,1.300667,1.314974,0.893603,1.307397,1.283055,0.903504,1.329233,Crown,0.000454,1.294594667,0.896699333,1.312432333
1372,1372,636,676,566,1.317488,0.911937,1.343784,1.314974,0.893603,1.307397,1.349982,0.907912,1.31963,Crown,0.000707,1.327481333,0.904484,1.323603667
1373,1373,664,638,676,1.305949,0.913809,1.347407,1.283055,0.903504,1.329233,1.314974,0.893603,1.307397,Crown,0.000608,1.301326,0.903638667,1.328012333
1374,1374,588,82,645,1.264941,0.928797,1.350103,1.234939,0.95866,1.340174,1.252553,0.92036,1.331141,Crown,0.000502,1.250811,0.935939,1.340472667
1375,1375,82,36,645,1.234939,0.95866,1.340174,1.236233,0.924569,1.281491,1.252553,0.92036,1.331141,Crown,0.00113,1.241241667,0.934529667,1.317602
1376,1376,147,278,704,1.30734,0.907031,1.228854,1.340989,0.919455,1.224438,1.312607,0.896413,1.259146,Head,0.000586,1.320312,0.907633,1.237479333
1377,1377,706,147,704,1.288924,0.894165,1.267592,1.30734,0.907031,1.228854,1.312607,0.896413,1.259146,Head,0.000403,1.302957,0.899203,1.251864
1378,1378,40,569,183,1.522258,1.046193,0.788565,1.515145,1.019163,0.789313,1.499503,1.034001,0.783213,R.Upper_arm,0.000277,1.512302,1.033119,0.787030333
1379,1379,569,40,216,1.515145,1.019163,0.789313,1.522258,1.046193,0.788565,1.535797,1.033274,0.800159,R.Upper_arm,0.000279,1.5244,1.032876667,0.792679
1380,1380,231,216,40,1.54195,1.056984,0.807955,1.535797,1.033274,0.800159,1.522258,1.046193,0.788565,R.Upper_arm,0.000275,1.533335,1.045483667,0.798893
1381,1381,469,436,641,1.48837,1.075321,0.729362,1.473786,1.092674,0.713071,1.513139,1.068806,0.720939,R.Fore_arm,0.000336,1.491765,1.078933667,0.721124
1382,1382,228,469,641,1.532403,1.079929,0.744982,1.48837,1.075321,0.729362,1.513139,1.068806,0.720939,R.Fore_arm,0.00043,1.511304,1.074685333,0.731761
1383,1383,21,5,53,1.326551,0.976972,1.379794,1.28017,0.999181,1.382709,1.267793,0.982703,1.374134,Crown,0.000568,1.291504667,0.986285333,1.378879
1384,1384,1,2,5,1.323043,0.993656,1.382146,1.310798,1.026116,1.375594,1.28017,0.999181,1.382709,Crown,0.000678,1.304670333,1.006317667,1.380149667
1385,1385,256,547,94,1.039966,1.08309,0.82059,1.041449,1.065462,0.811351,1.030348,1.049487,0.842854,L.Upper_arm,0.000369,1.037254333,1.066013,0.824931667
1386,1386,635,94,547,1.036149,1.047152,0.824985,1.030348,1.049487,0.842854,1.041449,1.065462,0.811351,L.Upper_arm,0.000189,1.035982,1.054033667,0.826396667
1387,1387,547,409,635,1.041449,1.065462,0.811351,1.065071,1.051719,0.806224,1.036149,1.047152,0.824985,L.Upper_arm,0.000325,1.047556333,1.054777667,0.814186667
1388,1388,646,547,256,1.034669,1.072188,0.805928,1.041449,1.065462,0.811351,1.039966,1.08309,0.82059,LeftArmsJoint,0.000102,1.038694667,1.07358,0.812623
1389,1389,635,409,77,1.036149,1.047152,0.824985,1.065071,1.051719,0.806224,1.052578,1.028106,0.823754,L.Upper_arm,0.000387,1.051266,1.042325667,0.818321
1390,1390,78,77,409,1.071338,1.026898,0.818281,1.052578,1.028106,0.823754,1.065071,1.051719,0.806224,L.Upper_arm,0.000274,1.062995667,1.035574333,0.816086333
1391,1391,270,78,409,1.095937,1.034199,0.820896,1.071338,1.026898,0.818281,1.065071,1.051719,0.806224,L.Upper_arm,0.000365,1.077448667,1.037605333,0.815133667
1392,1392,409,11,270,1.065071,1.051719,0.806224,1.086014,1.057657,0.805673,1.095937,1.034199,0.820896,L.Upper_arm,0.000322,1.082340667,1.047858333,0.810931
1393,1393,401,644,531,1.11732,1.049957,0.857067,1.105276,1.040787,0.827496,1.110802,1.066274,0.827767,L.Upper_arm,0.000405,1.111132667,1.052339333,0.837443333
1394,1394,256,255,646,1.039966,1.08309,0.82059,1.032895,1.094099,0.811468,1.034669,1.072188,0.805928,LeftArmsJoint,0.00015,1.035843333,1.083125667,0.812662
1395,1395,205,204,383,1.460558,1.047075,0.809624,1.464295,1.076325,0.816142,1.489924,1.016561,0.793008,R.Upper_arm,0.000523,1.471592333,1.046653667,0.806258
1396,1396,383,204,183,1.489924,1.016561,0.793008,1.464295,1.076325,0.816142,1.499503,1.034001,0.783213,R.Upper_arm,0.00071,1.484574,1.042295667,0.797454333
1397,1397,383,280,205,1.489924,1.016561,0.793008,1.469401,1.016239,0.825762,1.460558,1.047075,0.809624,R.Upper_arm,0.000671,1.473294333,1.026625,0.809464667
1398,1398,157,158,452,1.456983,0.936674,0.988579,1.437238,0.937329,0.915294,1.445746,0.987944,0.946001,R.Side_back,0.00193,1.446655667,0.953982333,0.949958
1399,1399,570,522,312,1.452928,1.014986,0.935017,1.45961,0.968878,0.956771,1.453158,1.010723,0.996351,R.Upper_arm,0.00138,1.455232,0.998195667,0.962713
1400,1400,452,312,522,1.445746,0.987944,0.946001,1.453158,1.010723,0.996351,1.45961,0.968878,0.956771,R.Side_chest,0.000715,1.452838,0.989181667,0.966374333
1401,1401,442,441,744,1.230764,1.143639,0.559987,1.254626,1.142126,0.529252,1.244376,1.127002,0.505655,Pelvis,0.000524,1.243255333,1.137589,0.531631333
1402,1402,660,744,441,1.286608,1.125057,0.490186,1.244376,1.127002,0.505655,1.254626,1.142126,0.529252,Pelvis,0.000671,1.26187,1.131395,0.508364333
1403,1403,436,496,641,1.473786,1.092674,0.713071,1.531728,1.188728,0.609176,1.513139,1.068806,0.720939,R.Fore_arm,0.00355,1.506217667,1.116736,0.681062
1404,1404,487,574,463,1.528702,1.241787,0.553241,1.521294,1.210835,0.57653,1.513855,1.219123,0.584807,R.Hand,0.000274,1.521283667,1.223915,0.571526
1405,1405,574,487,315,1.521294,1.210835,0.57653,1.528702,1.241787,0.553241,1.537798,1.222047,0.55062,R.Hand,0.000358,1.529264667,1.224889667,0.560130333
1406,1406,594,315,487,1.548702,1.235229,0.529101,1.537798,1.222047,0.55062,1.528702,1.241787,0.553241,R.Hand,0.000296,1.538400667,1.233021,0.544320667
1407,1407,607,15,594,1.541178,1.248291,0.535309,1.546105,1.25587,0.528295,1.548702,1.235229,0.529101,R.Hand,9.28e-05,1.545328333,1.246463333,0.530901667
1408,1408,594,15,115,1.548702,1.235229,0.529101,1.546105,1.25587,0.528295,1.561878,1.242912,0.517713,R.Hand,0.000187,1.552228333,1.244670333,0.525036333
1409,1409,15,140,115,1.546105,1.25587,0.528295,1.552225,1.262531,0.516575,1.561878,1.242912,0.517713,R.Hand,0.000156,1.553402667,1.253771,0.520861
1410,1410,115,140,32,1.561878,1.242912,0.517713,1.552225,1.262531,0.516575,1.60541,1.285538,0.55214,R.Hand,0.000743,1.573171,1.263660333,0.528809333
1411,1411,33,32,295,1.605239,1.30762,0.557632,1.60541,1.285538,0.55214,1.553825,1.274107,0.513129,R.Hand,0.000711,1.588158,1.289088333,0.540967
1412,1412,33,295,513,1.605239,1.30762,0.557632,1.553825,1.274107,0.513129,1.552163,1.293261,0.509735,R.Hand,0.000712,1.570409,1.291662667,0.526832
1413,1413,310,33,513,1.591385,1.342131,0.545063,1.605239,1.30762,0.557632,1.552163,1.293261,0.509735,R.Hand,0.00137,1.582929,1.314337333,0.537476667
1414,1414,210,310,513,1.536008,1.339684,0.518262,1.591385,1.342131,0.545063,1.552163,1.293261,0.509735,R.Hand,0.00151,1.559852,1.325025333,0.524353333
1415,1415,310,210,311,1.591385,1.342131,0.545063,1.536008,1.339684,0.518262,1.546855,1.373219,0.524801,R.Hand,0.00102,1.558082667,1.351678,0.529375333
1416,1416,210,513,211,1.536008,1.339684,0.518262,1.552163,1.293261,0.509735,1.549551,1.325663,0.523076,R.Hand,0.000281,1.545907333,1.319536,0.517024333
1417,1417,263,211,513,1.579049,1.331203,0.549238,1.549551,1.325663,0.523076,1.552163,1.293261,0.509735,R.Hand,0.000662,1.560254333,1.316709,0.527349667
1418,1418,88,87,585,1.470874,1.096914,0.766343,1.462271,1.082984,0.764449,1.465882,1.081425,0.779623,RightArmsJoint,0.000128,1.466342333,1.087107667,0.770138333
1419,1419,448,494,204,1.477119,1.076031,0.797354,1.471916,1.057497,0.789041,1.464295,1.076325,0.816142,R.Upper_arm,0.000234,1.47111,1.069951,0.800845667
1420,1420,494,183,204,1.471916,1.057497,0.789041,1.499503,1.034001,0.783213,1.464295,1.076325,0.816142,R.Upper_arm,0.000471,1.478571333,1.055941,0.796132
1421,1421,592,183,494,1.473831,1.042358,0.772545,1.499503,1.034001,0.783213,1.471916,1.057497,0.789041,RightArmsJoint,0.000326,1.48175,1.044618667,0.781599667
1422,1422,619,592,612,1.484848,1.033386,0.767705,1.473831,1.042358,0.772545,1.4623,1.060604,0.758094,RightArmsJoint,0.000161,1.473659667,1.045449333,0.766114667
1423,1423,309,228,377,1.478429,1.086566,0.736359,1.532403,1.079929,0.744982,1.535101,1.05987,0.750667,RightArmsJoint,0.000555,1.515311,1.075455,0.744002667
1424,1424,377,379,309,1.535101,1.05987,0.750667,1.530428,1.047298,0.754052,1.478429,1.086566,0.736359,RightArmsJoint,0.00044,1.514652667,1.064578,0.747026
1425,1425,379,184,309,1.530428,1.047298,0.754052,1.509208,1.030679,0.76278,1.478429,1.086566,0.736359,RightArmsJoint,0.000945,1.506021667,1.054847667,0.751063667
1426,1426,619,309,184,1.484848,1.033386,0.767705,1.478429,1.086566,0.736359,1.509208,1.030679,0.76278,RightArmsJoint,0.000772,1.490828333,1.050210333,0.755614667
1427,1427,612,309,619,1.4623,1.060604,0.758094,1.478429,1.086566,0.736359,1.484848,1.033386,0.767705,RightArmsJoint,0.000629,1.475192333,1.060185333,0.754052667
1428,1428,546,173,434,1.041919,1.059015,0.779901,1.052578,1.087745,0.749081,1.066881,1.054436,0.770764,LeftArmsJoint,0.000548,1.053792667,1.067065333,0.766582
1429,1429,672,434,173,1.07227,1.087571,0.749404,1.066881,1.054436,0.770764,1.052578,1.087745,0.749081,LeftArmsJoint,0.000389,1.063909667,1.076584,0.756416333
1430,1430,650,548,646,1.034459,1.115114,0.77418,1.032745,1.063964,0.790785,1.034669,1.072188,0.805928,LeftArmsJoint,0.000458,1.033957667,1.083755333,0.790297667
1431,1431,548,650,589,1.032745,1.063964,0.790785,1.034459,1.115114,0.77418,1.033478,1.10005,0.754479,LeftArmsJoint,0.00063,1.033560667,1.093042667,0.773148
1432,1432,650,646,459,1.034459,1.115114,0.77418,1.034669,1.072188,0.805928,1.033441,1.111796,0.791988,LeftArmsJoint,0.000331,1.034189667,1.099699333,0.790698667
1433,1433,560,650,459,1.039131,1.117788,0.780058,1.034459,1.115114,0.77418,1.033441,1.111796,0.791988,LeftArmsJoint,5.62e-05,1.035677,1.114899333,0.782075333
1434,1434,459,646,255,1.033441,1.111796,0.791988,1.034669,1.072188,0.805928,1.032895,1.094099,0.811468,LeftArmsJoint,0.000264,1.033668333,1.092694333,0.803128
1435,1435,434,672,92,1.066881,1.054436,0.770764,1.07227,1.087571,0.749404,1.093207,1.061342,0.776461,LeftArmsJoint,0.000539,1.077452667,1.067783,0.765543
1436,1436,672,593,92,1.07227,1.087571,0.749404,1.09172,1.098869,0.754043,1.093207,1.061342,0.776461,LeftArmsJoint,0.000481,1.085732333,1.082594,0.759969333
1437,1437,590,512,458,1.099764,1.108256,0.748752,1.099777,1.111902,0.761577,1.094355,1.106576,0.76616,L.Fore_arm,5.58e-05,1.097965333,1.108911333,0.758829667
1438,1438,329,331,93,1.101161,1.098345,0.777329,1.105419,1.08936,0.79362,1.097081,1.066934,0.783418,LeftArmsJoint,0.000248,1.101220333,1.084879667,0.784789
1439,1439,329,93,593,1.101161,1.098345,0.777329,1.097081,1.066934,0.783418,1.09172,1.098869,0.754043,LeftArmsJoint,0.000401,1.096654,1.088049333,0.771596667
1440,1440,605,365,531,1.095766,1.08135,0.815613,1.111443,1.080839,0.836666,1.110802,1.066274,0.827767,L.Upper_arm,0.000203,1.106003667,1.076154333,0.826682
1441,1441,605,531,12,1.095766,1.08135,0.815613,1.110802,1.066274,0.827767,1.096862,1.073241,0.807581,L.Upper_arm,0.000139,1.101143333,1.073621667,0.816987
1442,1442,416,698,595,1.137918,1.011621,1.012282,1.128185,0.957949,0.98719,1.134012,1.013356,0.993376,L.Upper_arm,0.000543,1.133371667,0.994308667,0.997616
1443,1443,595,698,293,1.134012,1.013356,0.993376,1.128185,0.957949,0.98719,1.123791,0.986694,0.940994,L.Upper_arm,0.00139,1.128662667,0.985999667,0.973853333
1444,1444,711,595,293,1.125852,1.023156,0.916382,1.134012,1.013356,0.993376,1.123791,0.986694,0.940994,L.Upper_arm,0.00131,1.127885,1.007735333,0.950250667
1445,1445,711,293,271,1.125852,1.023156,0.916382,1.123791,0.986694,0.940994,1.117428,1.019938,0.882776,L.Upper_arm,0.000683,1.122357,1.009929333,0.913384
1446,1446,711,271,401,1.125852,1.023156,0.916382,1.117428,1.019938,0.882776,1.11732,1.049957,0.857067,L.Upper_arm,0.00057,1.1202,1.031017,0.885408333
1447,1447,644,12,531,1.105276,1.040787,0.827496,1.096862,1.073241,0.807581,1.110802,1.066274,0.827767,L.Upper_arm,0.000329,1.104313333,1.060100667,0.820948
1448,1448,271,644,401,1.117428,1.019938,0.882776,1.105276,1.040787,0.827496,1.11732,1.049957,0.857067,L.Upper_arm,0.00061,1.113341333,1.036894,0.855779667
1449,1449,148,427,171,1.042047,1.214593,0.61095,1.059512,1.217243,0.593225,1.038402,1.094533,0.740471,L.Fore_arm,0.00176,1.046653667,1.175456333,0.648215333
1450,1450,171,427,172,1.038402,1.094533,0.740471,1.059512,1.217243,0.593225,1.065966,1.086378,0.743028,L.Fore_arm,0.00275,1.054626667,1.132718,0.692241333
1451,1451,427,669,172,1.059512,1.217243,0.593225,1.07882,1.221081,0.59621,1.065966,1.086378,0.743028,L.Fore_arm,0.00198,1.068099333,1.174900667,0.644154333
1452,1452,172,669,616,1.065966,1.086378,0.743028,1.07882,1.221081,0.59621,1.09114,1.096021,0.742593,L.Fore_arm,0.00256,1.078642,1.134493333,0.693943667
1453,1453,616,7,500,1.09114,1.096021,0.742593,1.090397,1.176578,0.668138,1.103127,1.120269,0.740841,L.Fore_arm,0.00106,1.094888,1.130956,0.717190667
1454,1454,669,7,616,1.07882,1.221081,0.59621,1.090397,1.176578,0.668138,1.09114,1.096021,0.742593,L.Fore_arm,0.00138,1.086785667,1.16456,0.668980333
1455,1455,582,6,7,1.086599,1.222009,0.617952,1.085734,1.22426,0.643278,1.090397,1.176578,0.668138,L.Fore_arm,0.000636,1.087576667,1.207615667,0.643122667
1456,1456,669,582,7,1.07882,1.221081,0.59621,1.086599,1.222009,0.617952,1.090397,1.176578,0.668138,L.Fore_arm,0.000568,1.085272,1.206556,0.627433333
1457,1457,321,374,465,1.083512,1.251434,0.571456,1.089184,1.231699,0.599384,1.075531,1.22437,0.580352,L.Hand,0.000356,1.082742333,1.235834333,0.583730667
1458,1458,628,321,465,1.072449,1.236544,0.561909,1.083512,1.251434,0.571456,1.075531,1.22437,0.580352,L.Hand,0.000232,1.077164,1.237449333,0.571239
1459,1459,628,29,321,1.072449,1.236544,0.561909,1.066075,1.248412,0.54089,1.083512,1.251434,0.571456,L.Hand,0.000256,1.074012,1.245463333,0.558085
1460,1460,321,29,322,1.083512,1.251434,0.571456,1.066075,1.248412,0.54089,1.068784,1.268753,0.531885,L.Hand,0.000387,1.072790333,1.256199667,0.548077
1461,1461,29,28,322,1.066075,1.248412,0.54089,1.061624,1.260563,0.522065,1.068784,1.268753,0.531885,L.Hand,0.000157,1.065494333,1.259242667,0.531613333
1462,1462,322,28,663,1.068784,1.268753,0.531885,1.061624,1.260563,0.522065,1.067808,1.275362,0.52142,L.Hand,8.66e-05,1.066072,1.268226,0.525123333
1463,1463,262,677,174,1.054944,1.269141,0.511359,1.057722,1.251005,0.537186,1.038846,1.273988,0.525983,L.Hand,0.000331,1.050504,1.264711333,0.524842667
1464,1464,28,262,663,1.061624,1.260563,0.522065,1.054944,1.269141,0.511359,1.067808,1.275362,0.52142,L.Hand,0.000113,1.061458667,1.268355333,0.518281333
1465,1465,262,484,663,1.054944,1.269141,0.511359,1.063835,1.286024,0.495966,1.067808,1.275362,0.52142,L.Hand,0.000212,1.062195667,1.276842333,0.509581667
1466,1466,663,484,363,1.067808,1.275362,0.52142,1.063835,1.286024,0.495966,1.072531,1.302501,0.518347,L.Hand,0.000345,1.068058,1.287962333,0.511911
1467,1467,484,539,363,1.063835,1.286024,0.495966,1.059833,1.298808,0.494857,1.072531,1.302501,0.518347,L.Hand,0.000181,1.065399667,1.295777667,0.503056667
1468,1468,362,363,539,1.086603,1.315011,0.512477,1.072531,1.302501,0.518347,1.059833,1.298808,0.494857,L.Hand,0.000262,1.072989,1.30544,0.508560333
1469,1469,606,362,539,1.043802,1.334926,0.516062,1.086603,1.315011,0.512477,1.059833,1.298808,0.494857,L.Hand,0.00076,1.063412667,1.316248333,0.507798667
1470,1470,601,543,606,1.037871,1.348887,0.532682,1.053971,1.367128,0.534896,1.043802,1.334926,0.516062,L.Hand,0.000257,1.045214667,1.350313667,0.52788
1471,1471,606,543,362,1.043802,1.334926,0.516062,1.053971,1.367128,0.534896,1.086603,1.315011,0.512477,L.Hand,0.000905,1.061458667,1.339021667,0.521145
1472,1472,543,648,362,1.053971,1.367128,0.534896,1.089129,1.366802,0.525484,1.086603,1.315011,0.512477,L.Hand,0.000973,1.076567667,1.349647,0.524285667
1473,1473,713,225,381,1.405263,1.473736,0.565863,1.41877,1.521065,0.552904,1.401018,1.499709,0.567419,RightLegsJoint,0.000344,1.408350333,1.49817,0.562062
1474,1474,225,713,200,1.41877,1.521065,0.552904,1.405263,1.473736,0.565863,1.444582,1.504453,0.534176,RightLegsJoint,0.00091,1.422871667,1.499751333,0.550981
1475,1475,290,629,713,1.385968,1.473942,0.565448,1.408148,1.456507,0.552321,1.405263,1.473736,0.565863,RightLegsJoint,0.000212,1.399793,1.468061667,0.561210667
1476,1476,290,361,629,1.385968,1.473942,0.565448,1.371688,1.459596,0.532223,1.408148,1.456507,0.552321,RightLegsJoint,0.000576,1.388601333,1.463348333,0.549997333
1477,1477,361,290,292,1.371688,1.459596,0.532223,1.385968,1.473942,0.565448,1.369578,1.47188,0.555738,RightLegsJoint,0.00023,1.375744667,1.468472667,0.551136333
1478,1478,511,361,360,1.352966,1.471292,0.535917,1.371688,1.459596,0.532223,1.361908,1.477926,0.553309,RightLegsJoint,0.000231,1.362187333,1.469604667,0.540483
1479,1479,579,201,511,1.348355,1.490526,0.525069,1.346899,1.485757,0.51139,1.352966,1.471292,0.535917,RightLegsJoint,0.000161,1.349406667,1.482525,0.524125333
1480,1480,361,738,717,1.371688,1.459596,0.532223,1.370503,1.489419,0.48952,1.399148,1.450193,0.482321,RightLegsJoint,0.0012,1.380446333,1.466402667,0.501354667
1481,1481,718,717,69,1.429314,1.462555,0.483596,1.399148,1.450193,0.482321,1.405851,1.472919,0.47553,RightLegsJoint,0.000325,1.411437667,1.461889,0.480482333
1482,1482,738,69,717,1.370503,1.489419,0.48952,1.405851,1.472919,0.47553,1.399148,1.450193,0.482321,RightLegsJoint,0.00051,1.391834,1.470843667,0.482457
1483,1483,718,675,717,1.429314,1.462555,0.483596,1.427732,1.450991,0.498623,1.399148,1.450193,0.482321,RightLegsJoint,0.000298,1.418731333,1.454579667,0.48818
1484,1484,694,652,708,1.289951,1.105217,1.246238,1.303773,1.102323,1.244515,1.287468,1.092815,1.23958,Head,0.000101,1.293730667,1.100118333,1.243444333
1485,1485,652,697,708,1.303773,1.102323,1.244515,1.303197,1.093033,1.239856,1.287468,1.092815,1.23958,Head,8.16e-05,1.298146,1.096057,1.241317
1486,1486,703,244,712,1.359381,1.010787,1.198574,1.34912,0.995576,1.182888,1.334483,1.052369,1.171685,Head,0.000669,1.347661333,1.019577333,1.184382333
1487,1487,327,712,244,1.338258,1.003469,1.173032,1.334483,1.052369,1.171685,1.34912,0.995576,1.182888,Head,0.000344,1.340620333,1.017138,1.175868333
1488,1488,356,712,327,1.326567,1.010547,1.163497,1.334483,1.052369,1.171685,1.338258,1.003469,1.173032,Head,0.000356,1.333102667,1.022128333,1.169404667
1489,1489,712,356,91,1.334483,1.052369,1.171685,1.326567,1.010547,1.163497,1.315003,1.06423,1.164563,Head,0.000498,1.325351,1.042382,1.166581667
1490,1490,356,457,91,1.326567,1.010547,1.163497,1.299808,1.016309,1.155234,1.315003,1.06423,1.164563,Head,0.000724,1.313792667,1.030362,1.161098
1491,1491,91,457,90,1.315003,1.06423,1.164563,1.299808,1.016309,1.155234,1.298994,1.066304,1.163963,Head,0.000406,1.304601667,1.048947667,1.161253333
1492,1492,203,90,457,1.260956,1.04577,1.171476,1.298994,1.066304,1.163963,1.299808,1.016309,1.155234,Head,0.00101,1.286586,1.042794333,1.163557667
1493,1493,457,398,203,1.299808,1.016309,1.155234,1.280138,1.012561,1.16076,1.260956,1.04577,1.171476,Head,0.000383,1.280300667,1.02488,1.16249
1494,1494,398,245,203,1.280138,1.012561,1.16076,1.261055,1.00047,1.174742,1.260956,1.04577,1.171476,Head,0.000526,1.267383,1.019600333,1.168992667
1495,1495,203,245,138,1.260956,1.04577,1.171476,1.261055,1.00047,1.174742,1.253486,1.01586,1.178752,Head,0.000207,1.258499,1.0207,1.17499
1496,1496,702,382,237,1.209612,1.563375,0.266679,1.196817,1.600163,0.205153,1.201834,1.602984,0.226696,L.foreleg,0.000496,1.202754333,1.588840667,0.232842667
1497,1497,573,339,362,1.089396,1.36057,0.531686,1.067828,1.328984,0.533389,1.086603,1.315011,0.512477,L.Hand,0.000601,1.081275667,1.334855,0.525850667
1498,1498,362,453,573,1.086603,1.315011,0.512477,1.096892,1.325458,0.51227,1.089396,1.36057,0.531686,L.Hand,0.000263,1.090963667,1.333679667,0.518811
1499,1499,573,453,648,1.089396,1.36057,0.531686,1.096892,1.325458,0.51227,1.089129,1.366802,0.525484,L.Hand,0.000172,1.091805667,1.350943333,0.523146667
1500,1500,641,178,567,1.513139,1.068806,0.720939,1.558309,1.194698,0.613752,1.557299,1.155968,0.68287,R.Fore_arm,0.00285,1.542915667,1.139824,0.672520333
1501,1501,641,496,178,1.513139,1.068806,0.720939,1.531728,1.188728,0.609176,1.558309,1.194698,0.613752,R.Fore_arm,0.00225,1.534392,1.150744,0.647955667
1502,1502,191,873,864,1.216862,0.875398,0.97286,1.254622,0.899854,0.874829,1.30728,0.877363,0.968979,L.Side_back,0.00449,1.259588,0.884205,0.938889333
1503,1503,191,141,422,1.216862,0.875398,0.97286,1.315169,0.867036,1.016896,1.25039,0.871009,1.049612,L.Side_back,0.00304,1.260807,0.871147667,1.013122667
1504,1504,429,446,125,1.133847,1.500633,0.530655,1.131796,1.490266,0.51451,1.135182,1.470608,0.518369,LeftLegsJoint,0.000184,1.133608333,1.487169,0.521178
1505,1505,94,51,705,1.030348,1.049487,0.842854,1.042595,1.000537,0.938178,1.040374,1.056148,0.919523,L.Upper_arm,0.00221,1.037772333,1.035390667,0.900185
1506,1506,51,50,880,1.042595,1.000537,0.938178,1.066239,0.97894,1.064687,1.04594,1.039531,0.950766,L.Upper_arm,0.00265,1.051591333,1.006336,0.984543667
1507,1507,444,347,299,1.319122,0.941242,0.646808,1.266031,0.938636,0.697938,1.245484,0.940881,0.654791,Back_side,0.00167,1.276879,0.940253,0.666512333
1508,1508,865,613,266,1.151201,0.953206,0.888589,1.144722,1.014106,0.952586,1.158939,0.992356,0.789482,L.Side_back,0.00429,1.151620667,0.986556,0.876885667
1509,1509,319,613,247,1.161855,1.056795,0.783447,1.144722,1.014106,0.952586,1.145202,1.030574,1.044708,L.Side_chest,0.00346,1.150593,1.033825,0.926913667
1510,1510,280,522,570,1.469401,1.016239,0.825762,1.45961,0.968878,0.956771,1.452928,1.014986,0.935017,R.Upper_arm,0.00259,1.460646333,1.000034333,0.90585
1511,1511,837,827,840,1.420788,1.77151,0.184198,1.45189,1.838911,0.200448,1.421315,1.839082,0.1959,R.foot,0.00106,1.431331,1.816501,0.193515333
1512,1512,818,798,774,1.4484,1.521291,0.353198,1.453532,1.57056,0.28069,1.461713,1.543386,0.368892,R.foreleg,0.00133,1.454548333,1.545079,0.33426
1513,1513,828,836,821,1.480424,1.829968,0.192425,1.44687,1.757647,0.181812,1.494722,1.809549,0.178699,R.foot,0.000992,1.474005333,1.799054667,0.184312
1514,1514,783,777,839,1.387166,1.706728,0.157329,1.401634,1.751448,0.175261,1.409094,1.817074,0.172092,R.foot,0.000733,1.399298,1.758416667,0.168227333
1515,1515,812,783,823,1.397189,1.678841,0.208216,1.387166,1.706728,0.157329,1.376902,1.62982,0.25219,R.foreleg,0.00111,1.387085667,1.671796333,0.205911667
1516,1516,814,813,782,1.417764,1.607097,0.152258,1.43844,1.62071,0.155949,1.436383,1.602322,0.193904,R.foreleg,0.000523,1.430862333,1.610043,0.167370333
1517,1517,836,801,793,1.44687,1.757647,0.181812,1.413759,1.718327,0.18691,1.443356,1.710491,0.184814,R.foreleg,0.000715,1.434661667,1.728821667,0.184512
1518,1518,819,774,809,1.4451,1.488832,0.445761,1.461713,1.543386,0.368892,1.451482,1.518692,0.478033,R.foreleg,0.00209,1.452765,1.51697,0.430895333
1519,1519,800,793,801,1.423292,1.697231,0.19728,1.443356,1.710491,0.184814,1.413759,1.718327,0.18691,R.foreleg,0.000326,1.426802333,1.708683,0.189668
1520,1520,840,839,777,1.421315,1.839082,0.1959,1.409094,1.817074,0.172092,1.401634,1.751448,0.175261,R.foot,0.000883,1.410681,1.802534667,0.181084333
1521,1521,841,835,783,1.394092,1.70137,0.125467,1.384145,1.665405,0.1091,1.387166,1.706728,0.157329,R.foot,0.000591,1.388467667,1.691167667,0.130632
1522,1522,797,775,773,1.453633,1.633871,0.245035,1.461242,1.577237,0.365297,1.461663,1.58527,0.307486,R.foreleg,0.00118,1.458846,1.598792667,0.305939333
1523,1523,807,779,808,1.443311,1.610461,0.348255,1.416964,1.620896,0.349782,1.40629,1.566819,0.489729,R.foreleg,0.00213,1.422188333,1.599392,0.395922
1524,1524,786,784,799,1.48967,1.749547,0.142461,1.4688,1.717444,0.161584,1.454332,1.658392,0.175112,R.foot,0.000518,1.470934,1.708461,0.159719
1525,1525,819,830,816,1.4451,1.488832,0.445761,1.436121,1.478412,0.466683,1.41201,1.468693,0.433339,R.foreleg,0.000494,1.431077,1.478645667,0.448594333
1526,1526,777,837,840,1.401634,1.751448,0.175261,1.420788,1.77151,0.184198,1.421315,1.839082,0.1959,R.foot,0.000677,1.414579,1.787346667,0.185119667
1527,1527,788,783,789,1.383064,1.647583,0.165885,1.387166,1.706728,0.157329,1.379479,1.644527,0.113548,R.foot,0.00157,1.383236333,1.666279333,0.145587333
1528,1528,804,834,785,1.346995,1.557219,0.361013,1.33836,1.501715,0.438371,1.336639,1.514957,0.465073,R.foreleg,0.00126,1.340664667,1.524630333,0.421485667
1529,1529,831,802,823,1.360639,1.589654,0.306726,1.377757,1.620498,0.30993,1.376902,1.62982,0.25219,R.foreleg,0.00104,1.371766,1.613324,0.289615333
1530,1530,801,837,777,1.413759,1.718327,0.18691,1.420788,1.77151,0.184198,1.401634,1.751448,0.175261,R.foreleg,0.000516,1.412060333,1.747095,0.182123
1531,1531,830,796,816,1.436121,1.478412,0.466683,1.400762,1.459802,0.457989,1.41201,1.468693,0.433339,R.foreleg,0.000556,1.416297667,1.468969,0.452670333
1532,1532,784,836,793,1.4688,1.717444,0.161584,1.44687,1.757647,0.181812,1.443356,1.710491,0.184814,R.foreleg,0.000796,1.453008667,1.728527333,0.17607
1533,1533,838,834,804,1.344886,1.521322,0.387739,1.33836,1.501715,0.438371,1.346995,1.557219,0.361013,R.foreleg,0.000655,1.343413667,1.526752,0.395707667
1534,1534,774,798,773,1.461713,1.543386,0.368892,1.453532,1.57056,0.28069,1.461663,1.58527,0.307486,R.foreleg,0.00106,1.458969333,1.566405333,0.319022667
1535,1535,817,819,816,1.428911,1.496738,0.376993,1.4451,1.488832,0.445761,1.41201,1.468693,0.433339,R.foreleg,0.00131,1.428673667,1.484754333,0.418697667
1536,1536,802,780,812,1.377757,1.620498,0.30993,1.414521,1.663663,0.242085,1.397189,1.678841,0.208216,R.foreleg,0.00139,1.396489,1.654334,0.253410333
1537,1537,785,805,804,1.336639,1.514957,0.465073,1.348058,1.56623,0.378152,1.346995,1.557219,0.361013,R.foreleg,0.000844,1.343897333,1.546135333,0.401412667
1538,1538,818,774,819,1.4484,1.521291,0.353198,1.461713,1.543386,0.368892,1.4451,1.488832,0.445761,R.foreleg,0.00144,1.451737667,1.517836333,0.389283667
1539,1539,778,814,825,1.405647,1.607364,0.160538,1.417764,1.607097,0.152258,1.427912,1.565854,0.238744,R.foreleg,0.000644,1.417107667,1.593438333,0.183846667
1540,1540,776,786,815,1.442205,1.640496,0.093135,1.48967,1.749547,0.142461,1.445638,1.629875,0.121821,R.foot,0.00197,1.459171,1.673306,0.119139
1541,1541,794,801,777,1.394808,1.708685,0.180214,1.413759,1.718327,0.18691,1.401634,1.751448,0.175261,R.foreleg,0.000414,1.403400333,1.726153333,0.180795
1542,1542,839,844,783,1.409094,1.817074,0.172092,1.401675,1.76503,0.143451,1.387166,1.706728,0.157329,R.foot,0.00123,1.399311667,1.762944,0.157624
1543,1543,821,784,786,1.494722,1.809549,0.178699,1.4688,1.717444,0.161584,1.48967,1.749547,0.142461,R.foot,0.00135,1.484397333,1.758846667,0.160914667
1544,1544,820,823,824,1.371175,1.601158,0.244874,1.376902,1.62982,0.25219,1.376986,1.628676,0.223201,R.foreleg,0.00042,1.375021,1.619884667,0.240088333
1545,1545,775,810,809,1.461242,1.577237,0.365297,1.440015,1.546869,0.486312,1.451482,1.518692,0.478033,R.foreleg,0.00199,1.450913,1.547599333,0.443214
1546,1546,813,798,782,1.43844,1.62071,0.155949,1.453532,1.57056,0.28069,1.436383,1.602322,0.193904,R.foreleg,0.000496,1.442785,1.597864,0.210181
1547,1547,841,783,844,1.394092,1.70137,0.125467,1.387166,1.706728,0.157329,1.401675,1.76503,0.143451,R.foot,0.00101,1.394311,1.724376,0.142082333
1548,1548,788,811,824,1.383064,1.647583,0.165885,1.376192,1.598336,0.223331,1.376986,1.628676,0.223201,R.foreleg,0.000873,1.378747333,1.624865,0.204139
1549,1549,783,824,823,1.387166,1.706728,0.157329,1.376986,1.628676,0.223201,1.376902,1.62982,0.25219,R.foreleg,0.00118,1.380351333,1.655074667,0.210906667
1550,1550,797,799,792,1.453633,1.633871,0.245035,1.454332,1.658392,0.175112,1.446478,1.679038,0.195779,R.foreleg,0.00102,1.451481,1.657100333,0.205308667
1551,1551,794,777,783,1.394808,1.708685,0.180214,1.401634,1.751448,0.175261,1.387166,1.706728,0.157329,R.foreleg,0.000527,1.394536,1.722287,0.170934667
1552,1552,776,854,786,1.442205,1.640496,0.093135,1.464372,1.721371,0.112577,1.48967,1.749547,0.142461,R.foot,0.00118,1.465415667,1.703804667,0.116057667
1553,1553,791,787,789,1.394815,1.616841,0.118067,1.390673,1.61965,0.164526,1.379479,1.644527,0.113548,R.foot,0.000746,1.388322333,1.627006,0.132047
1554,1554,819,809,830,1.4451,1.488832,0.445761,1.451482,1.518692,0.478033,1.436121,1.478412,0.466683,R.foreleg,0.000535,1.444234333,1.495312,0.463492333
1555,1555,786,799,815,1.48967,1.749547,0.142461,1.454332,1.658392,0.175112,1.445638,1.629875,0.121821,R.foot,0.00309,1.463213333,1.679271333,0.146464667
1556,1556,812,794,783,1.397189,1.678841,0.208216,1.394808,1.708685,0.180214,1.387166,1.706728,0.157329,R.foreleg,0.000395,1.393054333,1.698084667,0.181919667
1557,1557,774,775,809,1.461713,1.543386,0.368892,1.461242,1.577237,0.365297,1.451482,1.518692,0.478033,R.foreleg,0.00181,1.458145667,1.546438333,0.404074
1558,1558,835,789,783,1.384145,1.665405,0.1091,1.379479,1.644527,0.113548,1.387166,1.706728,0.157329,R.foot,0.000611,1.383596667,1.67222,0.126659
1559,1559,780,802,779,1.414521,1.663663,0.242085,1.377757,1.620498,0.30993,1.416964,1.620896,0.349782,R.foreleg,0.00239,1.403080667,1.635019,0.300599
1560,1560,813,815,799,1.43844,1.62071,0.155949,1.445638,1.629875,0.121821,1.454332,1.658392,0.175112,R.foot,0.000809,1.446136667,1.636325667,0.150960667
1561,1561,800,812,780,1.423292,1.697231,0.19728,1.397189,1.678841,0.208216,1.414521,1.663663,0.242085,R.foreleg,0.000684,1.411667333,1.679911667,0.215860333
1562,1562,792,799,784,1.446478,1.679038,0.195779,1.454332,1.658392,0.175112,1.4688,1.717444,0.161584,R.foreleg,0.000847,1.456536667,1.684958,0.177491667
1563,1563,810,775,807,1.440015,1.546869,0.486312,1.461242,1.577237,0.365297,1.443311,1.610461,0.348255,R.foreleg,0.00225,1.448189333,1.578189,0.399954667
1564,1564,833,838,804,1.352899,1.548262,0.328241,1.344886,1.521322,0.387739,1.346995,1.557219,0.361013,R.foreleg,0.000719,1.34826,1.542267667,0.358997667
1565,1565,818,825,798,1.4484,1.521291,0.353198,1.427912,1.565854,0.238744,1.453532,1.57056,0.28069,R.foreleg,0.00171,1.443281333,1.552568333,0.290877333
1566,1566,806,805,785,1.346362,1.546751,0.477934,1.348058,1.56623,0.378152,1.336639,1.514957,0.465073,R.foreleg,0.00178,1.343686333,1.542646,0.440386333
1567,1567,798,797,773,1.453532,1.57056,0.28069,1.453633,1.633871,0.245035,1.461663,1.58527,0.307486,R.foreleg,0.00115,1.456276,1.596567,0.277737
1568,1568,839,840,845,1.409094,1.817074,0.172092,1.421315,1.839082,0.1959,1.421816,1.8479,0.186556,R.foot,0.000222,1.417408333,1.834685333,0.184849333
1569,1569,795,825,826,1.397174,1.543288,0.268413,1.427912,1.565854,0.238744,1.415626,1.513451,0.323179,R.foreleg,0.00131,1.413570667,1.540864333,0.276778667
1570,1570,774,773,775,1.461713,1.543386,0.368892,1.461663,1.58527,0.307486,1.461242,1.577237,0.365297,R.foreleg,0.000964,1.461539333,1.568631,0.347225
1571,1571,820,824,811,1.371175,1.601158,0.244874,1.376986,1.628676,0.223201,1.376192,1.598336,0.223331,R.foreleg,0.000336,1.374784333,1.60939,0.230468667
1572,1572,825,795,778,1.427912,1.565854,0.238744,1.397174,1.543288,0.268413,1.405647,1.607364,0.160538,R.foreleg,0.00179,1.410244333,1.572168667,0.222565
1573,1573,804,805,831,1.346995,1.557219,0.361013,1.348058,1.56623,0.378152,1.360639,1.589654,0.306726,R.foreleg,0.000544,1.351897333,1.571034333,0.348630333
1574,1574,827,837,836,1.45189,1.838911,0.200448,1.420788,1.77151,0.184198,1.44687,1.757647,0.181812,R.foot,0.00112,1.439849333,1.789356,0.188819333
1575,1575,775,797,781,1.461242,1.577237,0.365297,1.453633,1.633871,0.245035,1.439288,1.658689,0.237397,R.foreleg,0.00156,1.451387667,1.623265667,0.282576333
1576,1576,798,813,799,1.453532,1.57056,0.28069,1.43844,1.62071,0.155949,1.454332,1.658392,0.175112,R.foreleg,0.00303,1.448768,1.616554,0.203917
1577,1577,825,782,798,1.427912,1.565854,0.238744,1.436383,1.602322,0.193904,1.453532,1.57056,0.28069,R.foreleg,0.00123,1.439275667,1.579578667,0.237779333
1578,1578,793,792,784,1.443356,1.710491,0.184814,1.446478,1.679038,0.195779,1.4688,1.717444,0.161584,R.foreleg,0.000554,1.452878,1.702324333,0.180725667
1579,1579,837,801,836,1.420788,1.77151,0.184198,1.413759,1.718327,0.18691,1.44687,1.757647,0.181812,R.foreleg,0.000747,1.427139,1.749161333,0.184306667
1580,1580,802,803,779,1.377757,1.620498,0.30993,1.37587,1.564734,0.489418,1.416964,1.620896,0.349782,R.foreleg,0.00389,1.390197,1.602042667,0.383043333
1581,1581,795,826,853,1.397174,1.543288,0.268413,1.415626,1.513451,0.323179,1.387836,1.518133,0.315535,R.foreleg,0.000784,1.400212,1.524957333,0.302375667
1582,1582,826,818,817,1.415626,1.513451,0.323179,1.4484,1.521291,0.353198,1.428911,1.496738,0.376993,R.foreleg,0.000886,1.430979,1.510493333,0.351123333
1583,1583,815,813,814,1.445638,1.629875,0.121821,1.43844,1.62071,0.155949,1.417764,1.607097,0.152258,R.foot,0.000445,1.433947333,1.619227333,0.143342667
1584,1584,836,828,827,1.44687,1.757647,0.181812,1.480424,1.829968,0.192425,1.45189,1.838911,0.200448,R.foot,0.00124,1.459728,1.808842,0.191561667
1585,1585,814,782,825,1.417764,1.607097,0.152258,1.436383,1.602322,0.193904,1.427912,1.565854,0.238744,R.foreleg,0.000953,1.427353,1.591757667,0.194968667
1586,1586,812,801,794,1.397189,1.678841,0.208216,1.413759,1.718327,0.18691,1.394808,1.708685,0.180214,R.foreleg,0.000456,1.401918667,1.701951,0.19178
1587,1587,812,823,802,1.397189,1.678841,0.208216,1.376902,1.62982,0.25219,1.377757,1.620498,0.30993,R.foreleg,0.00136,1.383949333,1.643053,0.256778667
1588,1588,781,779,807,1.439288,1.658689,0.237397,1.416964,1.620896,0.349782,1.443311,1.610461,0.348255,R.foreleg,0.0017,1.433187667,1.630015333,0.311811333
1589,1589,792,800,781,1.446478,1.679038,0.195779,1.423292,1.697231,0.19728,1.439288,1.658689,0.237397,R.foreleg,0.000688,1.436352667,1.678319333,0.210152
1590,1590,776,815,790,1.442205,1.640496,0.093135,1.445638,1.629875,0.121821,1.422453,1.621252,0.094498,R.foot,0.000416,1.436765333,1.630541,0.103151333
1591,1591,780,781,800,1.414521,1.663663,0.242085,1.439288,1.658689,0.237397,1.423292,1.697231,0.19728,R.foreleg,0.000716,1.425700333,1.673194333,0.225587333
1592,1592,829,827,828,1.449091,1.850576,0.192697,1.45189,1.838911,0.200448,1.480424,1.829968,0.192425,R.foot,0.000213,1.460468333,1.839818333,0.19519
1593,1593,783,788,824,1.387166,1.706728,0.157329,1.383064,1.647583,0.165885,1.376986,1.628676,0.223201,R.foreleg,0.00162,1.382405333,1.660995667,0.182138333
1594,1594,789,787,788,1.379479,1.644527,0.113548,1.390673,1.61965,0.164526,1.383064,1.647583,0.165885,R.foot,0.000759,1.384405333,1.637253333,0.147986333
1595,1595,812,800,801,1.397189,1.678841,0.208216,1.423292,1.697231,0.19728,1.413759,1.718327,0.18691,R.foreleg,0.000409,1.411413333,1.698133,0.197468667
1596,1596,819,817,818,1.4451,1.488832,0.445761,1.428911,1.496738,0.376993,1.4484,1.521291,0.353198,R.foreleg,0.00118,1.440803667,1.502287,0.391984
1597,1597,847,843,811,1.372313,1.547778,0.283591,1.363397,1.561547,0.284858,1.376192,1.598336,0.223331,R.foreleg,0.000578,1.370634,1.569220333,0.263926667
1598,1598,815,814,790,1.445638,1.629875,0.121821,1.417764,1.607097,0.152258,1.422453,1.621252,0.094498,R.foot,0.000869,1.428618333,1.619408,0.122859
1599,1599,781,780,779,1.439288,1.658689,0.237397,1.414521,1.663663,0.242085,1.416964,1.620896,0.349782,R.foreleg,0.00148,1.423591,1.647749333,0.276421333
1600,1600,779,803,808,1.416964,1.620896,0.349782,1.37587,1.564734,0.489418,1.40629,1.566819,0.489729,R.foreleg,0.00228,1.399708,1.584149667,0.442976333
1601,1601,793,800,792,1.443356,1.710491,0.184814,1.423292,1.697231,0.19728,1.446478,1.679038,0.195779,R.foreleg,0.000381,1.437708667,1.695586667,0.192624333
1602,1602,821,822,828,1.494722,1.809549,0.178699,1.479487,1.837937,0.16742,1.480424,1.829968,0.192425,R.foot,0.000364,1.484877667,1.825818,0.179514667
1603,1603,828,822,829,1.480424,1.829968,0.192425,1.479487,1.837937,0.16742,1.449091,1.850576,0.192697,R.foot,0.000484,1.469667333,1.839493667,0.184180667
1604,1604,799,797,798,1.454332,1.658392,0.175112,1.453633,1.633871,0.245035,1.453532,1.57056,0.28069,R.foreleg,0.00178,1.453832333,1.620941,0.233612333
1605,1605,810,807,808,1.440015,1.546869,0.486312,1.443311,1.610461,0.348255,1.40629,1.566819,0.489729,R.foreleg,0.00297,1.429872,1.574716333,0.441432
1606,1606,781,797,792,1.439288,1.658689,0.237397,1.453633,1.633871,0.245035,1.446478,1.679038,0.195779,R.foreleg,0.000595,1.446466333,1.657199333,0.226070333
1607,1607,803,802,806,1.37587,1.564734,0.489418,1.377757,1.620498,0.30993,1.346362,1.546751,0.477934,R.foreleg,0.00339,1.366663,1.577327667,0.425760667
1608,1608,791,790,814,1.394815,1.616841,0.118067,1.422453,1.621252,0.094498,1.417764,1.607097,0.152258,R.foot,0.000767,1.411677333,1.615063333,0.121607667
1609,1609,826,817,832,1.415626,1.513451,0.323179,1.428911,1.496738,0.376993,1.403536,1.498543,0.354803,R.foreleg,0.000588,1.416024333,1.502910667,0.351658333
1610,1610,836,784,821,1.44687,1.757647,0.181812,1.4688,1.717444,0.161584,1.494722,1.809549,0.178699,R.foot,0.0017,1.470130667,1.761546667,0.174031667
1611,1611,775,781,807,1.461242,1.577237,0.365297,1.439288,1.658689,0.237397,1.443311,1.610461,0.348255,R.foreleg,0.00176,1.447947,1.615462333,0.316983
1612,1612,802,805,806,1.377757,1.620498,0.30993,1.348058,1.56623,0.378152,1.346362,1.546751,0.477934,R.foreleg,0.0025,1.357392333,1.577826333,0.388672
1613,1613,818,826,825,1.4484,1.521291,0.353198,1.415626,1.513451,0.323179,1.427912,1.565854,0.238744,R.foreleg,0.00209,1.430646,1.533532,0.305040333
1614,1614,840,827,829,1.421315,1.839082,0.1959,1.45189,1.838911,0.200448,1.449091,1.850576,0.192697,R.foot,0.000212,1.440765333,1.842856333,0.196348333
1615,1615,829,845,840,1.449091,1.850576,0.192697,1.421816,1.8479,0.186556,1.421315,1.839082,0.1959,R.foot,0.00018,1.430740667,1.845852667,0.191717667
1616,1616,787,791,778,1.390673,1.61965,0.164526,1.394815,1.616841,0.118067,1.405647,1.607364,0.160538,R.foot,0.00044,1.397045,1.614618333,0.147710333
1617,1617,843,847,846,1.363397,1.561547,0.284858,1.372313,1.547778,0.283591,1.357383,1.508116,0.371829,R.foreleg,0.000791,1.364364333,1.539147,0.313426
1618,1618,789,835,849,1.379479,1.644527,0.113548,1.384145,1.665405,0.1091,1.40729,1.661961,0.095932,R.foot,0.00029,1.390304667,1.657297667,0.106193333
1619,1619,791,814,778,1.394815,1.616841,0.118067,1.417764,1.607097,0.152258,1.405647,1.607364,0.160538,R.foot,0.000311,1.406075333,1.610434,0.143621
1620,1620,789,849,790,1.379479,1.644527,0.113548,1.40729,1.661961,0.095932,1.422453,1.621252,0.094498,R.foot,0.000799,1.403074,1.64258,0.101326
1621,1621,831,833,804,1.360639,1.589654,0.306726,1.352899,1.548262,0.328241,1.346995,1.557219,0.361013,R.foreleg,0.000793,1.353511,1.565045,0.331993333
1622,1622,851,850,841,1.425883,1.804461,0.142548,1.42887,1.703401,0.105486,1.394092,1.70137,0.125467,R.foot,0.00214,1.416281667,1.736410667,0.124500333
1623,1623,795,853,847,1.397174,1.543288,0.268413,1.387836,1.518133,0.315535,1.372313,1.547778,0.283591,R.foreleg,0.000682,1.385774333,1.536399667,0.289179667
1624,1624,852,829,822,1.45005,1.850342,0.169207,1.449091,1.850576,0.192697,1.479487,1.837937,0.16742,R.foot,0.000374,1.459542667,1.846285,0.176441333
1625,1625,833,843,846,1.352899,1.548262,0.328241,1.363397,1.561547,0.284858,1.357383,1.508116,0.371829,R.foreleg,0.000709,1.357893,1.539308333,0.328309333
1626,1626,849,776,790,1.40729,1.661961,0.095932,1.442205,1.640496,0.093135,1.422453,1.621252,0.094498,R.foot,0.00055,1.423982667,1.641236333,0.094521667
1627,1627,835,841,850,1.384145,1.665405,0.1091,1.394092,1.70137,0.125467,1.42887,1.703401,0.105486,R.foot,0.000817,1.402369,1.690058667,0.113351
1628,1628,845,829,852,1.421816,1.8479,0.186556,1.449091,1.850576,0.192697,1.45005,1.850342,0.169207,R.foot,0.000325,1.440319,1.849606,0.18282
1629,1629,789,790,791,1.379479,1.644527,0.113548,1.422453,1.621252,0.094498,1.394815,1.616841,0.118067,R.foot,0.000577,1.398915667,1.62754,0.108704333
1630,1630,795,847,778,1.397174,1.543288,0.268413,1.372313,1.547778,0.283591,1.405647,1.607364,0.160538,R.foreleg,0.00168,1.391711333,1.566143333,0.237514
1631,1631,834,838,846,1.33836,1.501715,0.438371,1.344886,1.521322,0.387739,1.357383,1.508116,0.371829,R.foreleg,0.000581,1.346876333,1.510384333,0.399313
1632,1632,853,832,856,1.387836,1.518133,0.315535,1.403536,1.498543,0.354803,1.381387,1.469443,0.435402,R.foreleg,0.00118,1.390919667,1.495373,0.36858
1633,1633,811,787,847,1.376192,1.598336,0.223331,1.390673,1.61965,0.164526,1.372313,1.547778,0.283591,R.foreleg,0.00096,1.379726,1.588588,0.223816
1634,1634,850,776,849,1.42887,1.703401,0.105486,1.442205,1.640496,0.093135,1.40729,1.661961,0.095932,R.foot,0.000976,1.426121667,1.668619333,0.098184333
1635,1635,839,845,851,1.409094,1.817074,0.172092,1.421816,1.8479,0.186556,1.425883,1.804461,0.142548,R.foot,0.000586,1.418931,1.823145,0.167065333
1636,1636,845,852,851,1.421816,1.8479,0.186556,1.45005,1.850342,0.169207,1.425883,1.804461,0.142548,R.foot,0.000954,1.432583,1.834234333,0.166103667
1637,1637,786,854,822,1.48967,1.749547,0.142461,1.464372,1.721371,0.112577,1.479487,1.837937,0.16742,R.foot,0.00166,1.477843,1.769618333,0.140819333
1638,1638,811,788,787,1.376192,1.598336,0.223331,1.383064,1.647583,0.165885,1.390673,1.61965,0.164526,R.foreleg,0.000908,1.383309667,1.621856333,0.184580667
1639,1639,849,835,850,1.40729,1.661961,0.095932,1.384145,1.665405,0.1091,1.42887,1.703401,0.105486,R.foot,0.00063,1.406768333,1.676922333,0.103506
1640,1640,846,848,834,1.357383,1.508116,0.371829,1.361835,1.465849,0.468869,1.33836,1.501715,0.438371,R.foreleg,0.00159,1.352526,1.491893333,0.426356333
1641,1641,785,834,848,1.336639,1.514957,0.465073,1.33836,1.501715,0.438371,1.361835,1.465849,0.468869,R.foreleg,0.000771,1.345611333,1.494173667,0.457437667
1642,1642,851,844,839,1.425883,1.804461,0.142548,1.401675,1.76503,0.143451,1.409094,1.817074,0.172092,R.foot,0.000838,1.412217333,1.795521667,0.152697
1643,1643,816,856,832,1.41201,1.468693,0.433339,1.381387,1.469443,0.435402,1.403536,1.498543,0.354803,R.foreleg,0.00129,1.398977667,1.478893,0.407848
1644,1644,841,844,851,1.394092,1.70137,0.125467,1.401675,1.76503,0.143451,1.425883,1.804461,0.142548,R.foot,0.000763,1.407216667,1.756953667,0.137155333
1645,1645,846,853,856,1.357383,1.508116,0.371829,1.387836,1.518133,0.315535,1.381387,1.469443,0.435402,R.foreleg,0.00195,1.375535333,1.498564,0.374255333
1646,1646,848,846,856,1.361835,1.465849,0.468869,1.357383,1.508116,0.371829,1.381387,1.469443,0.435402,R.foreleg,0.00123,1.366868333,1.481136,0.425366667
1647,1647,847,787,778,1.372313,1.547778,0.283591,1.390673,1.61965,0.164526,1.405647,1.607364,0.160538,R.foreleg,0.00139,1.389544333,1.591597333,0.202885
1648,1648,816,855,856,1.41201,1.468693,0.433339,1.377086,1.45663,0.457476,1.381387,1.469443,0.435402,R.foreleg,0.000388,1.390161,1.464922,0.442072333
1649,1649,853,846,847,1.387836,1.518133,0.315535,1.357383,1.508116,0.371829,1.372313,1.547778,0.283591,R.foreleg,0.00126,1.372510667,1.524675667,0.323651667
1650,1650,846,838,833,1.357383,1.508116,0.371829,1.344886,1.521322,0.387739,1.352899,1.548262,0.328241,R.foreleg,0.000716,1.351722667,1.5259,0.362603
1651,1651,832,817,816,1.403536,1.498543,0.354803,1.428911,1.496738,0.376993,1.41201,1.468693,0.433339,R.foreleg,0.00101,1.414819,1.487991333,0.388378333
1652,1652,853,826,832,1.387836,1.518133,0.315535,1.415626,1.513451,0.323179,1.403536,1.498543,0.354803,R.foreleg,0.00054,1.402332667,1.510042333,0.331172333
1653,1653,848,856,855,1.361835,1.465849,0.468869,1.381387,1.469443,0.435402,1.377086,1.45663,0.457476,R.foreleg,0.000255,1.373436,1.463974,0.453915667
1654,1654,850,854,776,1.42887,1.703401,0.105486,1.464372,1.721371,0.112577,1.442205,1.640496,0.093135,R.foot,0.00127,1.445149,1.688422667,0.103732667
1655,1655,796,855,816,1.400762,1.459802,0.457989,1.377086,1.45663,0.457476,1.41201,1.468693,0.433339,R.foreleg,0.00031,1.396619333,1.461708333,0.449601333
1656,1656,842,843,833,1.364168,1.594006,0.282752,1.363397,1.561547,0.284858,1.352899,1.548262,0.328241,R.foreleg,0.00071,1.360154667,1.567938333,0.298617
1657,1657,843,842,820,1.363397,1.561547,0.284858,1.364168,1.594006,0.282752,1.371175,1.601158,0.244874,R.foreleg,0.000617,1.366246667,1.585570333,0.270828
1658,1658,831,842,833,1.360639,1.589654,0.306726,1.364168,1.594006,0.282752,1.352899,1.548262,0.328241,R.foreleg,0.000456,1.359235333,1.577307333,0.305906333
1659,1659,823,820,842,1.376902,1.62982,0.25219,1.371175,1.601158,0.244874,1.364168,1.594006,0.282752,R.foreleg,0.00059,1.370748333,1.608328,0.259938667
1660,1660,842,831,823,1.364168,1.594006,0.282752,1.360639,1.589654,0.306726,1.376902,1.62982,0.25219,R.foreleg,0.000378,1.367236333,1.604493333,0.280556
1661,1661,802,831,805,1.377757,1.620498,0.30993,1.360639,1.589654,0.306726,1.348058,1.56623,0.378152,R.foreleg,0.0013,1.362151333,1.592127333,0.331602667
1662,1662,843,820,811,1.363397,1.561547,0.284858,1.371175,1.601158,0.244874,1.376192,1.598336,0.223331,R.foreleg,0.000496,1.370254667,1.587013667,0.251021
1663,1663,57,806,202,1.368649,1.524303,0.494255,1.346362,1.546751,0.477934,1.359002,1.504165,0.486788,R.foreleg,0.000415,1.358004333,1.525073,0.486325667
1664,1664,785,202,806,1.336639,1.514957,0.465073,1.359002,1.504165,0.486788,1.346362,1.546751,0.477934,R.foreleg,0.000583,1.347334333,1.521957667,0.476598333
1665,1665,806,57,803,1.346362,1.546751,0.477934,1.368649,1.524303,0.494255,1.37587,1.564734,0.489418,R.foreleg,0.000609,1.363627,1.545262667,0.487202333
1666,1666,810,808,199,1.440015,1.546869,0.486312,1.40629,1.566819,0.489729,1.436944,1.524839,0.512042,R.foreleg,0.000657,1.427749667,1.546175667,0.496027667
1667,1667,199,808,56,1.436944,1.524839,0.512042,1.40629,1.566819,0.489729,1.398723,1.540389,0.52501,R.foreleg,0.000953,1.413985667,1.544015667,0.508927
1668,1668,808,803,56,1.40629,1.566819,0.489729,1.37587,1.564734,0.489418,1.398723,1.540389,0.52501,R.foreleg,0.000668,1.393627667,1.557314,0.501385667
1669,1669,56,57,55,1.398723,1.540389,0.52501,1.368649,1.524303,0.494255,1.376119,1.535344,0.520112,RightLegsJoint,0.000296,1.381163667,1.533345333,0.513125667
1670,1670,57,56,803,1.368649,1.524303,0.494255,1.398723,1.540389,0.52501,1.37587,1.564734,0.489418,R.foreleg,0.000879,1.381080667,1.543142,0.502894333
1671,1671,830,809,317,1.436121,1.478412,0.466683,1.451482,1.518692,0.478033,1.436253,1.48334,0.48059,R.foreleg,0.000276,1.441285333,1.493481333,0.475102
1672,1672,631,317,718,1.420433,1.491459,0.486708,1.436253,1.48334,0.48059,1.429314,1.462555,0.483596,RightLegsJoint,0.000207,1.428666667,1.479118,0.483631333
1673,1673,631,830,317,1.420433,1.491459,0.486708,1.436121,1.478412,0.466683,1.436253,1.48334,0.48059,R.foreleg,0.000124,1.430935667,1.484403667,0.477993667
1674,1674,830,631,69,1.436121,1.478412,0.466683,1.420433,1.491459,0.486708,1.405851,1.472919,0.47553,R.foreleg,0.000354,1.420801667,1.48093,0.476307
1675,1675,796,830,69,1.400762,1.459802,0.457989,1.436121,1.478412,0.466683,1.405851,1.472919,0.47553,R.foreleg,0.000358,1.414244667,1.470377667,0.466734
1676,1676,855,796,69,1.377086,1.45663,0.457476,1.400762,1.459802,0.457989,1.405851,1.472919,0.47553,R.foreleg,0.000255,1.394566333,1.463117,0.463665
1677,1677,69,738,855,1.405851,1.472919,0.47553,1.370503,1.489419,0.48952,1.377086,1.45663,0.457476,R.foreleg,0.00074,1.38448,1.472989333,0.474175333
1678,1678,855,738,848,1.377086,1.45663,0.457476,1.370503,1.489419,0.48952,1.361835,1.465849,0.468869,R.foreleg,0.000304,1.369808,1.470632667,0.471955
1679,1679,738,202,848,1.370503,1.489419,0.48952,1.359002,1.504165,0.486788,1.361835,1.465849,0.468869,R.foreleg,0.000292,1.36378,1.486477667,0.481725667
1680,1680,848,202,785,1.361835,1.465849,0.468869,1.359002,1.504165,0.486788,1.336639,1.514957,0.465073,R.foreleg,0.000698,1.352492,1.494990333,0.473576667
1681,1681,854,850,851,1.464372,1.721371,0.112577,1.42887,1.703401,0.105486,1.425883,1.804461,0.142548,R.foot,0.00194,1.439708333,1.743077667,0.120203667
1682,1682,822,854,851,1.479487,1.837937,0.16742,1.464372,1.721371,0.112577,1.425883,1.804461,0.142548,R.foot,0.00319,1.456580667,1.787923,0.140848333
1683,1683,822,851,852,1.479487,1.837937,0.16742,1.425883,1.804461,0.142548,1.45005,1.850342,0.169207,R.foot,0.000932,1.451806667,1.830913333,0.159725
1684,1684,822,821,786,1.479487,1.837937,0.16742,1.494722,1.809549,0.178699,1.48967,1.749547,0.142461,R.foot,0.00103,1.487959667,1.799011,0.16286
1685,1685,149,866,872,1.355588,0.927236,0.778271,1.376644,0.903281,0.871684,1.345041,0.901818,0.870948,R.Side_back,0.00152,1.359091,0.910778333,0.840301
1686,1686,872,38,149,1.345041,0.901818,0.870948,1.292383,0.924309,0.776799,1.355588,0.927236,0.778271,R.Side_back,0.00304,1.331004,0.917787667,0.808672667
1687,1687,866,185,872,1.376644,0.903281,0.871684,1.397699,0.879327,0.965097,1.345041,0.901818,0.870948,R.Side_back,0.00152,1.373128,0.894808667,0.902576333
1688,1688,864,872,185,1.30728,0.877363,0.968979,1.345041,0.901818,0.870948,1.397699,0.879327,0.965097,R.Side_back,0.00449,1.350006667,0.886169333,0.935008
1689,1689,864,873,872,1.30728,0.877363,0.968979,1.254622,0.899854,0.874829,1.345041,0.901818,0.870948,R.Side_back,0.00449,1.302314333,0.893011667,0.904918667
1690,1690,873,38,872,1.254622,0.899854,0.874829,1.292383,0.924309,0.776799,1.345041,0.901818,0.870948,R.Side_back,0.00449,1.297348667,0.908660333,0.840858667
1691,1691,640,193,81,1.213163,0.945837,0.699916,1.216465,0.936864,0.774095,1.18911,0.949723,0.77289,L.Side_back,0.00112,1.206246,0.944141333,0.748967
1692,1692,192,869,860,1.171206,0.889464,0.967905,1.180158,0.919593,0.870397,1.216663,0.906131,0.873477,L.Side_back,0.00199,1.189342333,0.905062667,0.903926333
1693,1693,869,867,81,1.180158,0.919593,0.870397,1.164837,0.938782,0.85605,1.18911,0.949723,0.77289,L.Side_back,0.00113,1.178035,0.936032667,0.833112333
1694,1694,421,79,192,1.16661,0.885231,1.019741,1.155425,0.908235,0.950226,1.171206,0.889464,0.967905,L.Side_back,0.00064,1.164413667,0.89431,0.979290667
1695,1695,332,865,79,1.143462,0.914057,0.987696,1.151201,0.953206,0.888589,1.155425,0.908235,0.950226,L.Side_back,0.00114,1.150029333,0.925166,0.942170333
1696,1696,865,266,867,1.151201,0.953206,0.888589,1.158939,0.992356,0.789482,1.164837,0.938782,0.85605,L.Side_back,0.00149,1.158325667,0.961448,0.844707
1697,1697,79,865,867,1.155425,0.908235,0.950226,1.151201,0.953206,0.888589,1.164837,0.938782,0.85605,L.Side_back,0.0013,1.157154333,0.933407667,0.898288333
1698,1698,406,332,79,1.134778,0.903639,1.035053,1.143462,0.914057,0.987696,1.155425,0.908235,0.950226,L.Side_back,0.000365,1.144555,0.908643667,0.990991667
1699,1699,860,873,191,1.216663,0.906131,0.873477,1.254622,0.899854,0.874829,1.216862,0.875398,0.97286,L.Side_back,0.002,1.229382333,0.893794333,0.907055333
1700,1700,860,870,873,1.216663,0.906131,0.873477,1.254424,0.930586,0.775447,1.254622,0.899854,0.874829,L.Side_back,0.002,1.241903,0.912190333,0.841251
1701,1701,870,38,873,1.254424,0.930586,0.775447,1.292383,0.924309,0.776799,1.254622,0.899854,0.874829,L.Side_back,0.002,1.267143,0.918249667,0.809025
1702,1702,868,859,857,1.422658,0.955449,0.827928,1.419103,1.038512,0.792057,1.429906,0.989451,0.838266,R.Side_back,0.00111,1.423889,0.994470667,0.819417
1703,1703,858,862,241,1.419564,1.039381,0.841304,1.430329,1.028844,0.886809,1.428093,1.016708,0.834438,R.Side_chest,0.000603,1.425995333,1.028311,0.854183667
1704,1704,858,861,862,1.419564,1.039381,0.841304,1.4218,1.051517,0.893674,1.430329,1.028844,0.886809,R.Side_chest,0.000603,1.423897667,1.039914,0.873929
1705,1705,861,206,862,1.4218,1.051517,0.893674,1.432565,1.040981,0.939179,1.430329,1.028844,0.886809,R.Side_chest,0.000603,1.428231333,1.040447333,0.906554
1706,1706,498,415,149,1.395068,0.962854,0.708693,1.385414,0.938927,0.778282,1.355588,0.927236,0.778271,R.Side_back,0.00115,1.37869,0.943005667,0.755082
1707,1707,866,149,415,1.376644,0.903281,0.871684,1.355588,0.927236,0.778271,1.385414,0.938927,0.778282,R.Side_back,0.00157,1.372548667,0.923148,0.809412333
1708,1708,862,206,678,1.430329,1.028844,0.886809,1.432565,1.040981,0.939179,1.436869,1.009922,0.897016,R.Side_chest,0.000583,1.433254333,1.026582333,0.907668
1709,1709,678,241,862,1.436869,1.009922,0.897016,1.428093,1.016708,0.834438,1.430329,1.028844,0.886809,R.Side_chest,0.000583,1.431763667,1.018491333,0.872754333
1710,1710,871,334,185,1.405479,0.924573,0.849716,1.425545,0.91022,0.921151,1.397699,0.879327,0.965097,R.Side_back,0.00172,1.409574333,0.904706667,0.911988
1711,1711,415,871,866,1.385414,0.938927,0.778282,1.405479,0.924573,0.849716,1.376644,0.903281,0.871684,R.Side_back,0.00145,1.389179,0.922260333,0.833227333
1712,1712,236,185,334,1.415654,0.882665,0.984782,1.397699,0.879327,0.965097,1.425545,0.91022,0.921151,R.Side_back,0.000802,1.412966,0.890737333,0.95701
1713,1713,859,314,265,1.419103,1.038512,0.792057,1.418788,1.023457,0.723678,1.410112,1.060315,0.749677,R.Side_chest,0.00111,1.416001,1.040761333,0.755137333
1714,1714,335,859,868,1.408077,0.97357,0.740563,1.419103,1.038512,0.792057,1.422658,0.955449,0.827928,R.Side_back,0.00335,1.416612667,0.989177,0.786849333
1715,1715,333,613,332,1.133872,0.930359,1.000575,1.144722,1.014106,0.952586,1.143462,0.914057,0.987696,L.Side_back,0.00106,1.140685333,0.952840667,0.980285667
1716,1716,497,314,335,1.413057,0.986071,0.706641,1.418788,1.023457,0.723678,1.408077,0.97357,0.740563,R.Side_back,0.000756,1.413307333,0.994366,0.723627333
1717,1717,858,863,371,1.419564,1.039381,0.841304,1.410573,1.061184,0.798923,1.411034,1.062054,0.84817,R.Side_chest,0.000594,1.413723667,1.054206333,0.829465667
1718,1718,858,859,863,1.419564,1.039381,0.841304,1.419103,1.038512,0.792057,1.410573,1.061184,0.798923,R.Side_chest,0.000594,1.416413333,1.046359,0.810761333
1719,1719,859,265,863,1.419103,1.038512,0.792057,1.410112,1.060315,0.749677,1.410573,1.061184,0.798923,R.Side_chest,0.000594,1.413262667,1.053337,0.780219
1720,1720,857,158,868,1.429906,0.989451,0.838266,1.437238,0.937329,0.915294,1.422658,0.955449,0.827928,R.Side_back,0.00163,1.429934,0.960743,0.860496
1721,1721,678,452,857,1.436869,1.009922,0.897016,1.445746,0.987944,0.946001,1.429906,0.989451,0.838266,R.Side_back,0.00116,1.437507,0.995772333,0.893761
1722,1722,81,193,869,1.18911,0.949723,0.77289,1.216465,0.936864,0.774095,1.180158,0.919593,0.870397,L.Side_back,0.00154,1.195244333,0.935393333,0.805794
1723,1723,480,80,288,1.187876,0.956607,0.700956,1.174248,0.96933,0.761873,1.164399,0.980631,0.691714,L.Side_back,0.00111,1.175507667,0.968856,0.718181
1724,1724,192,79,869,1.171206,0.889464,0.967905,1.155425,0.908235,0.950226,1.180158,0.919593,0.870397,L.Side_back,0.00112,1.168929667,0.905764,0.929509333
1725,1725,867,80,81,1.164837,0.938782,0.85605,1.174248,0.96933,0.761873,1.18911,0.949723,0.77289,L.Side_back,0.00111,1.176065,0.952611667,0.796937667
1726,1726,335,868,385,1.408077,0.97357,0.740563,1.422658,0.955449,0.827928,1.399547,0.953065,0.768574,R.Side_back,0.000892,1.410094,0.960694667,0.779021667
1727,1727,385,868,871,1.399547,0.953065,0.768574,1.422658,0.955449,0.827928,1.405479,0.924573,0.849716,R.Side_back,0.00126,1.409228,0.944362333,0.815406
1728,1728,871,415,385,1.405479,0.924573,0.849716,1.385414,0.938927,0.778282,1.399547,0.953065,0.768574,R.Side_back,0.000782,1.396813333,0.938855,0.798857333
1729,1729,868,334,871,1.422658,0.955449,0.827928,1.425545,0.91022,0.921151,1.405479,0.924573,0.849716,R.Side_back,0.00133,1.417894,0.930080667,0.866265
1730,1730,383,471,280,1.489924,1.016561,0.793008,1.48104,0.932288,0.984613,1.469401,1.016239,0.825762,R.Upper_arm,0.00243,1.480121667,0.988362667,0.867794333
1731,1731,471,522,280,1.48104,0.932288,0.984613,1.45961,0.968878,0.956771,1.469401,1.016239,0.825762,R.Upper_arm,0.00242,1.470017,0.972468333,0.922382
1732,1732,470,364,874,1.110273,1.032317,1.024057,1.126914,1.023168,1.012739,1.076873,1.060278,0.959495,L.Upper_arm,0.00086,1.104686667,1.038587667,0.998763667
1733,1733,874,98,272,1.076873,1.060278,0.959495,1.057982,1.048481,0.971649,1.094395,1.030851,1.035616,L.Upper_arm,0.000949,1.076416667,1.046536667,0.98892
1734,1734,272,470,874,1.094395,1.030851,1.035616,1.110273,1.032317,1.024057,1.076873,1.060278,0.959495,L.Upper_arm,0.000756,1.093847,1.041148667,1.006389333
1735,1735,273,99,874,1.075553,1.106107,0.850873,1.052564,1.101103,0.853888,1.076873,1.060278,0.959495,L.Upper_arm,0.00137,1.06833,1.089162667,0.888085333
1736,1736,874,364,875,1.076873,1.060278,0.959495,1.126914,1.023168,1.012739,1.111517,1.059529,0.933789,L.Upper_arm,0.00176,1.105101333,1.047658333,0.968674333
1737,1737,365,875,401,1.111443,1.080839,0.836666,1.111517,1.059529,0.933789,1.11732,1.049957,0.857067,L.Upper_arm,0.00132,1.113426667,1.063441667,0.875840667
1738,1738,875,365,366,1.111517,1.059529,0.933789,1.111443,1.080839,0.836666,1.094173,1.10049,0.84485,L.Upper_arm,0.00135,1.105711,1.080286,0.871768333
1739,1739,875,364,595,1.111517,1.059529,0.933789,1.126914,1.023168,1.012739,1.134012,1.013356,0.993376,L.Upper_arm,0.000857,1.124147667,1.032017667,0.979968
1740,1740,875,711,401,1.111517,1.059529,0.933789,1.125852,1.023156,0.916382,1.11732,1.049957,0.857067,L.Upper_arm,0.0014,1.118229667,1.044214,0.902412667
1741,1741,878,879,78,1.089834,0.97606,0.916621,1.071022,0.976846,0.919981,1.071338,1.026898,0.818281,L.Upper_arm,0.00107,1.077398,0.993268,0.884961
1742,1742,876,878,270,1.100502,0.979442,0.917386,1.089834,0.97606,0.916621,1.095937,1.034199,0.820896,L.Upper_arm,0.000622,1.095424333,0.996567,0.884967667
1743,1743,51,880,705,1.042595,1.000537,0.938178,1.04594,1.039531,0.950766,1.040374,1.056148,0.919523,L.Upper_arm,0.000727,1.042969667,1.032072,0.936155667
1744,1744,610,877,879,1.076785,0.928993,1.035627,1.0555,0.983037,0.927472,1.071022,0.976846,0.919981,L.Upper_arm,0.00112,1.067769,0.962958667,0.961026667
1745,1745,51,877,610,1.042595,1.000537,0.938178,1.0555,0.983037,0.927472,1.076785,0.928993,1.035627,L.Upper_arm,0.00149,1.058293333,0.970855667,0.967092333
1746,1746,51,94,323,1.042595,1.000537,0.938178,1.030348,1.049487,0.842854,1.048146,1.001711,0.890102,L.Upper_arm,0.00126,1.040363,1.017245,0.890378
1747,1747,78,879,77,1.071338,1.026898,0.818281,1.071022,0.976846,0.919981,1.052578,1.028106,0.823754,L.Upper_arm,0.00108,1.064979333,1.010616667,0.854005333
1748,1748,876,293,76,1.100502,0.979442,0.917386,1.123791,0.986694,0.940994,1.10404,0.937016,0.992147,L.Upper_arm,0.00124,1.109444333,0.967717333,0.950175667
1749,1749,323,77,879,1.048146,1.001711,0.890102,1.052578,1.028106,0.823754,1.071022,0.976846,0.919981,L.Upper_arm,0.000997,1.057248667,1.002221,0.877945667
1750,1750,878,78,270,1.089834,0.97606,0.916621,1.071338,1.026898,0.818281,1.095937,1.034199,0.820896,L.Upper_arm,0.00144,1.085703,1.012385667,0.851932667
1751,1751,493,371,863,1.368274,1.099031,0.788876,1.411034,1.062054,0.84817,1.410573,1.061184,0.798923,R.Side_chest,0.0014,1.396627,1.074089667,0.811989667
1752,1752,530,206,861,1.420852,1.063578,0.964296,1.432565,1.040981,0.939179,1.4218,1.051517,0.893674,R.Side_chest,0.000763,1.425072333,1.052025333,0.932383
1753,1753,98,705,880,1.057982,1.048481,0.971649,1.040374,1.056148,0.919523,1.04594,1.039531,0.950766,LeftArmsJoint,0.000362,1.048098667,1.048053333,0.947312667
